id_articulo,titulo,fecha_envio,resumen,estado
1,Seguridad en sistemas de ingeniería de software,2024-03-30,Análisis detallado sobre Ingeniería de Software.,Enviado
2,Optimización de procesos mediante big data,2025-01-30,"Discutimos las ventajas y desventajas de diferentes enfoques en Big Data y Ciberseguridad, proveyendo una guía comparativa.",Enviado
3,Marco de trabajo para computación gráfica escalable,2024-06-29,"El presente trabajo detalla una nueva metodología para abordar problemas complejos en Computación Gráfica, validada experimentalmente.",Enviado
4,Marco de trabajo para internet de las cosas escalable,2025-03-02,Ofrecemos una guía práctica y detallada para la implementacin exitosa de soluciones de Internet de las Cosas en entornos reales.,Enviado
5,Aplicaciones prácticas de teoría de la computación con internet de las cosas,2024-04-06,Resultados de un estudio de caso sobre la aplicación de Teoría de la Computación para resolver un problema específico de la industria.,Enviado
6,Implementación de desarrollo web full-stack en la industria,2024-09-20,Resultados de un estudio de caso sobre la aplicación de Desarrollo Web Full-Stack para resolver un problema específico de la industria.,Enviado
7,Nuevas tendencias en procesamiento de lenguaje natural,2024-08-27,"Discutimos las ventajas y desventajas de diferentes enfoques en Procesamiento de Lenguaje Natural y Bases de Datos, proveyendo una guía comparativa.",Enviado
8,Evaluación de rendimiento en procesamiento de lenguaje natural,2023-11-12,Este artículo explora los fundamentos de Procesamiento de Lenguaje Natural y sus aplicaciones prácticas en diversos sectores.,Enviado
9,Marco de trabajo para ciberseguridad escalable,2024-09-13,Este estudio investiga el impacto de Ciberseguridad en el desarrollo tecnológico actual y sus implicaciones futuras.,Enviado
10,Introducción a ciberseguridad para principiantes,2024-12-29,Este artículo explora los fundamentos de Ciberseguridad y sus aplicaciones prácticas en diversos sectores.,Enviado
11,Investigación sobre redes de computadores,2024-09-08,"Se analizan los retos de seguridad, privacidad y éticos asociados con la adopción masiva de Redes de Computadores.",Enviado
12,Desafíos actuales en teoría de la computación,2023-08-29,Se presenta una revisión exhaustiva de las últimas investigaciones y avances en el campo de Teoría de la Computación.,Enviado
13,Seguridad en sistemas de redes de computadores,2025-03-29,"El presente trabajo detalla una nueva metodología para abordar problemas complejos en Redes de Computadores, validada experimentalmente.",Enviado
14,Introducción a ingeniería de software para principiantes,2024-01-16,Ofrecemos una guía práctica y detallada para la implementacin exitosa de soluciones de Ingeniería de Software en entornos reales.,Enviado
15,Aplicaciones prácticas de inteligencia artificial con desarrollo web full-stack,2024-11-05,Ofrecemos una guía práctica y detallada para la implementacin exitosa de soluciones de Inteligencia Artificial en entornos reales.,Enviado
16,Desafíos actuales en desarrollo web full-stack,2023-10-28,Resultados de un estudio de caso sobre la aplicación de Desarrollo Web Full-Stack para resolver un problema específico de la industria.,Enviado
17,Nuevas tendencias en ciberseguridad,2023-11-05,Análisis detallado sobre Ciberseguridad.,Enviado
18,Desafíos actuales en sistemas operativos,2024-12-05,Se propone un marco de trabajo innovador basado en Sistemas Operativos para mejorar la eficiencia y reducir costos operativos.,Enviado
19,Introducción a sistemas operativos para principiantes,2024-12-09,Este estudio investiga el impacto de Sistemas Operativos en el desarrollo tecnológico actual y sus implicaciones futuras.,Enviado
20,Análisis profundo de blockchain,2024-08-31,Exploramos la sinergia entre Blockchain y Ingeniería de Software para crear soluciones más robustas y potentes.,Enviado
21,Optimización de procesos mediante big data,2024-12-30,Análisis detallado sobre Big Data.,Enviado
22,Nuevas tendencias en aprendizaje automático,2024-12-08,Resultados de un estudio de caso sobre la aplicación de Aprendizaje Automático para resolver un problema específico de la industria.,Enviado
23,Investigación sobre algoritmos y estructuras de datos,2024-08-23,Se presenta una revisión exhaustiva de las últimas investigaciones y avances en el campo de Algoritmos y Estructuras de Datos.,Enviado
24,Marco de trabajo para big data escalable,2024-03-02,"El presente trabajo detalla una nueva metodología para abordar problemas complejos en Big Data, validada experimentalmente.",Enviado
25,Evaluación de rendimiento en teoría de la computación,2024-03-01,Se presenta una revisión exhaustiva de las últimas investigaciones y avances en el campo de Teoría de la Computación.,Enviado
26,Seguridad en sistemas de computación en la nube,2024-11-17,"Se analizan los retos de seguridad, privacidad y éticos asociados con la adopción masiva de Computación en la Nube.",Enviado
27,Análisis profundo de redes de computadores,2025-02-08,Se propone un marco de trabajo innovador basado en Redes de Computadores para mejorar la eficiencia y reducir costos operativos.,Enviado
28,Evaluación de rendimiento en computación gráfica,2025-04-30,"El presente trabajo detalla una nueva metodología para abordar problemas complejos en Computación Gráfica, validada experimentalmente.",Enviado
29,Implementación de algoritmos y estructuras de datos en la industria,2025-04-26,"El presente trabajo detalla una nueva metodología para abordar problemas complejos en Algoritmos y Estructuras de Datos, validada experimentalmente.",Enviado
30,Introducción a procesamiento de lenguaje natural para principiantes,2024-08-28,"El presente trabajo detalla una nueva metodología para abordar problemas complejos en Procesamiento de Lenguaje Natural, validada experimentalmente.",Enviado
31,Evaluación de rendimiento en ciberseguridad,2023-07-08,"El presente trabajo detalla una nueva metodología para abordar problemas complejos en Ciberseguridad, validada experimentalmente.",Enviado
32,Análisis profundo de internet de las cosas,2024-10-15,Resultados de un estudio de caso sobre la aplicación de Internet de las Cosas para resolver un problema específico de la industria.,Enviado
33,Investigación sobre blockchain,2024-11-01,"Se analizan los retos de seguridad, privacidad y éticos asociados con la adopción masiva de Blockchain.",Enviado
34,Implementación de big data en la industria,2024-02-27,Este artículo explora los fundamentos de Big Data y sus aplicaciones prácticas en diversos sectores.,Enviado
35,Desafíos actuales en blockchain,2024-12-09,Este artículo explora los fundamentos de Blockchain y sus aplicaciones prácticas en diversos sectores.,Enviado
36,Estudio comparativo sobre bases de datos y inteligencia artificial,2023-11-24,Se presenta una revisión exhaustiva de las últimas investigaciones y avances en el campo de Bases de Datos.,Enviado
37,Marco de trabajo para sistemas operativos escalable,2025-01-28,Ofrecemos una guía práctica y detallada para la implementacin exitosa de soluciones de Sistemas Operativos en entornos reales.,Enviado
38,Seguridad en sistemas de aprendizaje automático,2023-07-24,Exploramos la sinergia entre Aprendizaje Automático y Visión por Computador para crear soluciones más robustas y potentes.,Enviado
39,Investigación sobre ingeniería de software,2023-11-16,Resultados de un estudio de caso sobre la aplicación de Ingeniería de Software para resolver un problema específico de la industria.,Enviado
40,Desafíos actuales en internet de las cosas,2024-08-11,Se presenta una revisión exhaustiva de las últimas investigaciones y avances en el campo de Internet de las Cosas.,Enviado
41,Implementación de procesamiento de lenguaje natural en la industria,2025-03-20,Se propone un marco de trabajo innovador basado en Procesamiento de Lenguaje Natural para mejorar la eficiencia y reducir costos operativos.,Enviado
42,Evaluación de rendimiento en internet de las cosas,2024-04-08,Se propone un marco de trabajo innovador basado en Internet de las Cosas para mejorar la eficiencia y reducir costos operativos.,Enviado
43,Aplicaciones prácticas de ciberseguridad con desarrollo web full-stack,2024-09-19,Este artículo explora los fundamentos de Ciberseguridad y sus aplicaciones prácticas en diversos sectores.,Enviado
44,Aplicaciones prácticas de computación gráfica con algoritmos y estructuras de datos,2023-07-31,Exploramos la sinergia entre Computación Gráfica y Algoritmos y Estructuras de Datos para crear soluciones más robustas y potentes.,Enviado
45,El futuro de blockchain: una perspectiva,2024-10-22,Ofrecemos una guía práctica y detallada para la implementacin exitosa de soluciones de Blockchain en entornos reales.,Enviado
46,Marco de trabajo para ingeniería de software escalable,2024-09-30,"Discutimos las ventajas y desventajas de diferentes enfoques en Ingeniería de Software y Internet de las Cosas, proveyendo una guía comparativa.",Enviado
47,Implementación de ciberseguridad en la industria,2024-03-23,"Se analizan los retos de seguridad, privacidad y éticos asociados con la adopción masiva de Ciberseguridad.",Enviado
48,Desafíos actuales en computación en la nube,2025-03-01,"El presente trabajo detalla una nueva metodología para abordar problemas complejos en Computación en la Nube, validada experimentalmente.",Enviado
49,Optimización de procesos mediante big data,2023-11-01,"Se analizan los retos de seguridad, privacidad y éticos asociados con la adopción masiva de Big Data.",Enviado
50,Aplicaciones prácticas de desarrollo web full-stack con internet de las cosas,2025-01-15,"El presente trabajo detalla una nueva metodología para abordar problemas complejos en Desarrollo Web Full-Stack, validada experimentalmente.",Enviado
51,Desafíos actuales en algoritmos y estructuras de datos,2024-10-11,Ofrecemos una guía práctica y detallada para la implementacin exitosa de soluciones de Algoritmos y Estructuras de Datos en entornos reales.,Enviado
52,Seguridad en sistemas de ciberseguridad,2024-02-18,"El presente trabajo detalla una nueva metodología para abordar problemas complejos en Ciberseguridad, validada experimentalmente.",Enviado
53,Optimización de procesos mediante sistemas operativos,2024-11-04,"Discutimos las ventajas y desventajas de diferentes enfoques en Sistemas Operativos y Aprendizaje Automático, proveyendo una guía comparativa.",Enviado
54,Aplicaciones prácticas de aprendizaje automático con blockchain,2024-03-22,Resultados de un estudio de caso sobre la aplicación de Aprendizaje Automático para resolver un problema específico de la industria.,Enviado
55,Aplicaciones prácticas de desarrollo web full-stack con redes de computadores,2023-10-18,Se propone un marco de trabajo innovador basado en Desarrollo Web Full-Stack para mejorar la eficiencia y reducir costos operativos.,Enviado
56,Nuevas tendencias en big data,2023-12-14,Ofrecemos una guía práctica y detallada para la implementacin exitosa de soluciones de Big Data en entornos reales.,Enviado
57,Análisis profundo de ciberseguridad,2023-11-20,Exploramos la sinergia entre Ciberseguridad y Inteligencia Artificial para crear soluciones más robustas y potentes.,Enviado
58,Análisis profundo de computación gráfica,2023-10-18,Exploramos la sinergia entre Computación Gráfica y Inteligencia Artificial para crear soluciones más robustas y potentes.,Enviado
59,Implementación de computación gráfica en la industria,2024-02-25,Ofrecemos una guía práctica y detallada para la implementacin exitosa de soluciones de Computación Gráfica en entornos reales.,Enviado
60,Aplicaciones prácticas de algoritmos y estructuras de datos con ciberseguridad,2024-09-13,Ofrecemos una guía práctica y detallada para la implementacin exitosa de soluciones de Algoritmos y Estructuras de Datos en entornos reales.,Enviado
61,Optimización de procesos mediante aprendizaje automático,2024-01-26,"Se analizan los retos de seguridad, privacidad y éticos asociados con la adopción masiva de Aprendizaje Automático.",Enviado
62,Aplicaciones prácticas de computación en la nube con redes de computadores,2024-08-03,Exploramos la sinergia entre Computación en la Nube y Redes de Computadores para crear soluciones más robustas y potentes.,Enviado
63,Investigación sobre desarrollo web full-stack,2025-04-14,Resultados de un estudio de caso sobre la aplicación de Desarrollo Web Full-Stack para resolver un problema específico de la industria.,Enviado
64,Marco de trabajo para blockchain escalable,2024-01-17,"Se analizan los retos de seguridad, privacidad y éticos asociados con la adopción masiva de Blockchain.",Enviado
65,Estudio comparativo sobre redes de computadores y procesamiento de lenguaje natural,2024-04-30,"El presente trabajo detalla una nueva metodología para abordar problemas complejos en Redes de Computadores, validada experimentalmente.",Enviado
66,Nuevas tendencias en big data,2023-07-30,Ofrecemos una guía práctica y detallada para la implementacin exitosa de soluciones de Big Data en entornos reales.,Enviado
67,El futuro de redes de computadores: una perspectiva,2024-10-23,"Se analizan los retos de seguridad, privacidad y éticos asociados con la adopción masiva de Redes de Computadores.",Enviado
68,Introducción a realidad virtual y aumentada para principiantes,2025-02-17,Ofrecemos una guía práctica y detallada para la implementacin exitosa de soluciones de Realidad Virtual y Aumentada en entornos reales.,Enviado
69,El futuro de procesamiento de lenguaje natural: una perspectiva,2024-07-22,Resultados de un estudio de caso sobre la aplicación de Procesamiento de Lenguaje Natural para resolver un problema específico de la industria.,Enviado
70,Aplicaciones prácticas de internet de las cosas con aprendizaje automático,2024-01-13,Se propone un marco de trabajo innovador basado en Internet de las Cosas para mejorar la eficiencia y reducir costos operativos.,Enviado
71,Implementación de ingeniería de software en la industria,2024-08-27,Ofrecemos una guía práctica y detallada para la implementacin exitosa de soluciones de Ingeniería de Software en entornos reales.,Enviado
72,Aplicaciones prácticas de computación en la nube con inteligencia artificial,2023-10-03,Exploramos la sinergia entre Computación en la Nube y Inteligencia Artificial para crear soluciones más robustas y potentes.,Enviado
73,El futuro de redes de computadores: una perspectiva,2024-10-17,Este estudio investiga el impacto de Redes de Computadores en el desarrollo tecnológico actual y sus implicaciones futuras.,Enviado
74,Marco de trabajo para aprendizaje automático escalable,2024-09-30,Análisis detallado sobre Aprendizaje Automático.,Enviado
75,Nuevas tendencias en sistemas operativos,2023-11-17,Ofrecemos una guía práctica y detallada para la implementacin exitosa de soluciones de Sistemas Operativos en entornos reales.,Enviado
76,Desafíos actuales en teoría de la computación,2024-04-25,Resultados de un estudio de caso sobre la aplicación de Teoría de la Computación para resolver un problema específico de la industria.,Enviado
77,Introducción a inteligencia artificial para principiantes,2023-06-07,"El presente trabajo detalla una nueva metodología para abordar problemas complejos en Inteligencia Artificial, validada experimentalmente.",Enviado
78,Investigación sobre inteligencia artificial,2023-09-06,Este estudio investiga el impacto de Inteligencia Artificial en el desarrollo tecnológico actual y sus implicaciones futuras.,Enviado
79,Introducción a blockchain para principiantes,2024-04-23,Este estudio investiga el impacto de Blockchain en el desarrollo tecnológico actual y sus implicaciones futuras.,Enviado
80,Introducción a sistemas operativos para principiantes,2023-10-15,Se propone un marco de trabajo innovador basado en Sistemas Operativos para mejorar la eficiencia y reducir costos operativos.,Enviado
81,El futuro de ciberseguridad: una perspectiva,2023-10-21,Resultados de un estudio de caso sobre la aplicación de Ciberseguridad para resolver un problema específico de la industria.,Enviado
82,El futuro de computación en la nube: una perspectiva,2024-12-07,Se propone un marco de trabajo innovador basado en Computación en la Nube para mejorar la eficiencia y reducir costos operativos.,Enviado
83,Marco de trabajo para blockchain escalable,2024-11-23,Este artículo explora los fundamentos de Blockchain y sus aplicaciones prácticas en diversos sectores.,Enviado
84,Aplicaciones prácticas de blockchain con ciberseguridad,2023-08-16,Se propone un marco de trabajo innovador basado en Blockchain para mejorar la eficiencia y reducir costos operativos.,Enviado
85,Estudio comparativo sobre redes de computadores y procesamiento de lenguaje natural,2025-04-15,"Discutimos las ventajas y desventajas de diferentes enfoques en Redes de Computadores y Procesamiento de Lenguaje Natural, proveyendo una guía comp...",Enviado
86,Estudio comparativo sobre algoritmos y estructuras de datos y sistemas operativos,2024-08-16,Exploramos la sinergia entre Algoritmos y Estructuras de Datos y Sistemas Operativos para crear soluciones más robustas y potentes.,Enviado
87,Nuevas tendencias en inteligencia artificial,2023-12-02,Se propone un marco de trabajo innovador basado en Inteligencia Artificial para mejorar la eficiencia y reducir costos operativos.,Enviado
88,Investigación sobre inteligencia artificial,2023-10-07,Se presenta una revisión exhaustiva de las últimas investigaciones y avances en el campo de Inteligencia Artificial.,Enviado
89,Optimización de procesos mediante algoritmos y estructuras de datos,2023-06-09,"Discutimos las ventajas y desventajas de diferentes enfoques en Algoritmos y Estructuras de Datos y Computación en la Nube, proveyendo una guía com...",Enviado
90,Implementación de aprendizaje automático en la industria,2024-01-19,Se presenta una revisión exhaustiva de las últimas investigaciones y avances en el campo de Aprendizaje Automático.,Enviado
91,Introducción a internet de las cosas para principiantes,2025-02-10,Este artículo explora los fundamentos de Internet de las Cosas y sus aplicaciones prácticas en diversos sectores.,Enviado
92,El futuro de computación en la nube: una perspectiva,2024-10-27,Se presenta una revisión exhaustiva de las últimas investigaciones y avances en el campo de Computación en la Nube.,Enviado
93,Análisis profundo de redes de computadores,2023-08-23,"Se analizan los retos de seguridad, privacidad y éticos asociados con la adopción masiva de Redes de Computadores.",Enviado
94,Marco de trabajo para ingeniería de software escalable,2024-01-18,Resultados de un estudio de caso sobre la aplicación de Ingeniería de Software para resolver un problema específico de la industria.,Enviado
95,Optimización de procesos mediante internet de las cosas,2023-10-05,Este artículo explora los fundamentos de Internet de las Cosas y sus aplicaciones prácticas en diversos sectores.,Enviado
96,Optimización de procesos mediante ciberseguridad,2023-08-04,Ofrecemos una guía práctica y detallada para la implementacin exitosa de soluciones de Ciberseguridad en entornos reales.,Enviado
97,Marco de trabajo para sistemas operativos escalable,2025-03-10,Ofrecemos una guía práctica y detallada para la implementacin exitosa de soluciones de Sistemas Operativos en entornos reales.,Enviado
98,Estudio comparativo sobre internet de las cosas y realidad virtual y aumentada,2024-06-13,Este estudio investiga el impacto de Internet de las Cosas en el desarrollo tecnológico actual y sus implicaciones futuras.,Enviado
99,Optimización de procesos mediante big data,2023-11-25,Resultados de un estudio de caso sobre la aplicación de Big Data para resolver un problema específico de la industria.,Enviado
100,Introducción a redes de computadores para principiantes,2024-10-20,"Discutimos las ventajas y desventajas de diferentes enfoques en Redes de Computadores y Desarrollo Web Full-Stack, proveyendo una guía comparativa.",Enviado
101,Optimización de procesos mediante internet de las cosas,2025-04-08,Resultados de un estudio de caso sobre la aplicación de Internet de las Cosas para resolver un problema específico de la industria.,Enviado
102,Análisis profundo de internet de las cosas,2025-01-07,Se presenta una revisión exhaustiva de las últimas investigaciones y avances en el campo de Internet de las Cosas.,Enviado
103,Implementación de inteligencia artificial en la industria,2024-11-02,Se presenta una revisión exhaustiva de las últimas investigaciones y avances en el campo de Inteligencia Artificial.,Enviado
104,Seguridad en sistemas de bases de datos,2024-08-20,Este estudio investiga el impacto de Bases de Datos en el desarrollo tecnológico actual y sus implicaciones futuras.,Enviado
105,Nuevas tendencias en teoría de la computación,2024-06-16,"Se analizan los retos de seguridad, privacidad y éticos asociados con la adopción masiva de Teoría de la Computación.",Enviado
106,Estudio comparativo sobre big data y bases de datos,2023-11-27,Resultados de un estudio de caso sobre la aplicación de Big Data para resolver un problema específico de la industria.,Enviado
107,Aplicaciones prácticas de computación gráfica con big data,2025-03-18,Se propone un marco de trabajo innovador basado en Computación Gráfica para mejorar la eficiencia y reducir costos operativos.,Enviado
108,Seguridad en sistemas de redes de computadores,2023-05-23,Ofrecemos una guía práctica y detallada para la implementacin exitosa de soluciones de Redes de Computadores en entornos reales.,Enviado
109,Nuevas tendencias en sistemas operativos,2024-09-23,Este artículo explora los fundamentos de Sistemas Operativos y sus aplicaciones prácticas en diversos sectores.,Enviado
110,Optimización de procesos mediante ciberseguridad,2023-11-18,Resultados de un estudio de caso sobre la aplicación de Ciberseguridad para resolver un problema específico de la industria.,Enviado
111,Evaluación de rendimiento en ingeniería de software,2024-08-02,Resultados de un estudio de caso sobre la aplicación de Ingeniería de Software para resolver un problema específico de la industria.,Enviado
112,Investigación sobre ciberseguridad,2023-12-08,Se presenta una revisión exhaustiva de las últimas investigaciones y avances en el campo de Ciberseguridad.,Enviado
113,Implementación de blockchain en la industria,2023-12-09,Análisis detallado sobre Blockchain.,Enviado
114,Introducción a blockchain para principiantes,2025-01-25,Se propone un marco de trabajo innovador basado en Blockchain para mejorar la eficiencia y reducir costos operativos.,Enviado
115,Investigación sobre internet de las cosas,2024-12-18,Ofrecemos una guía práctica y detallada para la implementacin exitosa de soluciones de Internet de las Cosas en entornos reales.,Enviado
116,El futuro de computación en la nube: una perspectiva,2024-06-05,Resultados de un estudio de caso sobre la aplicación de Computación en la Nube para resolver un problema específico de la industria.,Enviado
117,Desafíos actuales en aprendizaje automático,2023-09-19,Análisis detallado sobre Aprendizaje Automático.,Enviado
118,Implementación de ingeniería de software en la industria,2024-05-15,Se presenta una revisión exhaustiva de las últimas investigaciones y avances en el campo de Ingeniería de Software.,Enviado
119,Implementación de inteligencia artificial en la industria,2025-02-02,Análisis detallado sobre Inteligencia Artificial.,Enviado
120,Estudio comparativo sobre computación en la nube y desarrollo web full-stack,2024-06-21,Ofrecemos una guía práctica y detallada para la implementacin exitosa de soluciones de Computación en la Nube en entornos reales.,Enviado
121,Análisis profundo de redes de computadores,2025-03-21,Se propone un marco de trabajo innovador basado en Redes de Computadores para mejorar la eficiencia y reducir costos operativos.,Enviado
122,Evaluación de rendimiento en internet de las cosas,2023-09-29,Resultados de un estudio de caso sobre la aplicación de Internet de las Cosas para resolver un problema específico de la industria.,Enviado
123,Nuevas tendencias en teoría de la computación,2023-07-11,Ofrecemos una guía práctica y detallada para la implementacin exitosa de soluciones de Teoría de la Computación en entornos reales.,Enviado
124,Análisis profundo de ingeniería de software,2025-01-21,Exploramos la sinergia entre Ingeniería de Software y Aprendizaje Automático para crear soluciones más robustas y potentes.,Enviado
125,El futuro de teoría de la computación: una perspectiva,2025-04-13,Se presenta una revisión exhaustiva de las últimas investigaciones y avances en el campo de Teoría de la Computación.,Enviado
126,Análisis profundo de redes de computadores,2025-02-22,Exploramos la sinergia entre Redes de Computadores y Blockchain para crear soluciones más robustas y potentes.,Enviado
127,Análisis profundo de redes de computadores,2024-04-20,Se propone un marco de trabajo innovador basado en Redes de Computadores para mejorar la eficiencia y reducir costos operativos.,Enviado
128,Seguridad en sistemas de sistemas operativos,2023-09-16,Ofrecemos una guía práctica y detallada para la implementacin exitosa de soluciones de Sistemas Operativos en entornos reales.,Enviado
129,Desafíos actuales en inteligencia artificial,2023-07-29,Este artículo explora los fundamentos de Inteligencia Artificial y sus aplicaciones prácticas en diversos sectores.,Enviado
130,Aplicaciones prácticas de aprendizaje automático con computación en la nube,2023-11-02,"Discutimos las ventajas y desventajas de diferentes enfoques en Aprendizaje Automático y Computación en la Nube, proveyendo una guía comparativa.",Enviado
131,Investigación sobre teoría de la computación,2024-06-15,Este artículo explora los fundamentos de Teoría de la Computación y sus aplicaciones prácticas en diversos sectores.,Enviado
132,Investigación sobre bases de datos,2024-04-16,"Se analizan los retos de seguridad, privacidad y éticos asociados con la adopción masiva de Bases de Datos.",Enviado
133,Implementación de internet de las cosas en la industria,2023-12-08,"Se analizan los retos de seguridad, privacidad y éticos asociados con la adopción masiva de Internet de las Cosas.",Enviado
134,Introducción a redes de computadores para principiantes,2024-06-14,Análisis detallado sobre Redes de Computadores.,Enviado
135,Evaluación de rendimiento en algoritmos y estructuras de datos,2024-12-21,Se presenta una revisión exhaustiva de las últimas investigaciones y avances en el campo de Algoritmos y Estructuras de Datos.,Enviado
136,Optimización de procesos mediante big data,2023-07-16,Este estudio investiga el impacto de Big Data en el desarrollo tecnológico actual y sus implicaciones futuras.,Enviado
137,Implementación de bases de datos en la industria,2024-02-22,Análisis detallado sobre Bases de Datos.,Enviado
138,Desafíos actuales en blockchain,2023-08-26,Resultados de un estudio de caso sobre la aplicación de Blockchain para resolver un problema específico de la industria.,Enviado
139,Evaluación de rendimiento en visión por computador,2024-05-23,Este estudio investiga el impacto de Visión por Computador en el desarrollo tecnológico actual y sus implicaciones futuras.,Enviado
140,Implementación de sistemas operativos en la industria,2024-04-09,"Se analizan los retos de seguridad, privacidad y éticos asociados con la adopción masiva de Sistemas Operativos.",Enviado
141,Nuevas tendencias en blockchain,2024-01-08,Resultados de un estudio de caso sobre la aplicación de Blockchain para resolver un problema específico de la industria.,Enviado
142,Desafíos actuales en algoritmos y estructuras de datos,2024-07-27,Este estudio investiga el impacto de Algoritmos y Estructuras de Datos en el desarrollo tecnológico actual y sus implicaciones futuras.,Enviado
143,Evaluación de rendimiento en inteligencia artificial,2024-10-18,Se propone un marco de trabajo innovador basado en Inteligencia Artificial para mejorar la eficiencia y reducir costos operativos.,Enviado
144,Aplicaciones prácticas de computación gráfica con algoritmos y estructuras de datos,2023-08-28,"El presente trabajo detalla una nueva metodología para abordar problemas complejos en Computación Gráfica, validada experimentalmente.",Enviado
145,Marco de trabajo para algoritmos y estructuras de datos escalable,2024-06-19,Se propone un marco de trabajo innovador basado en Algoritmos y Estructuras de Datos para mejorar la eficiencia y reducir costos operativos.,Enviado
146,Introducción a inteligencia artificial para principiantes,2025-01-03,Ofrecemos una guía práctica y detallada para la implementacin exitosa de soluciones de Inteligencia Artificial en entornos reales.,Enviado
147,Implementación de algoritmos y estructuras de datos en la industria,2024-02-06,Ofrecemos una guía práctica y detallada para la implementacin exitosa de soluciones de Algoritmos y Estructuras de Datos en entornos reales.,Enviado
148,Análisis profundo de inteligencia artificial,2024-08-24,"El presente trabajo detalla una nueva metodología para abordar problemas complejos en Inteligencia Artificial, validada experimentalmente.",Enviado
149,Desafíos actuales en redes de computadores,2023-07-06,"Discutimos las ventajas y desventajas de diferentes enfoques en Redes de Computadores y Ciberseguridad, proveyendo una guía comparativa.",Enviado
150,Implementación de algoritmos y estructuras de datos en la industria,2024-03-28,Este estudio investiga el impacto de Algoritmos y Estructuras de Datos en el desarrollo tecnológico actual y sus implicaciones futuras.,Enviado
151,Desafíos actuales en ciberseguridad,2024-02-02,Exploramos la sinergia entre Ciberseguridad y Bases de Datos para crear soluciones más robustas y potentes.,Enviado
152,El futuro de computación gráfica: una perspectiva,2024-06-17,"Se analizan los retos de seguridad, privacidad y éticos asociados con la adopción masiva de Computación Gráfica.",Enviado
153,Optimización de procesos mediante ingeniería de software,2023-11-23,Este estudio investiga el impacto de Ingeniería de Software en el desarrollo tecnológico actual y sus implicaciones futuras.,Enviado
154,El futuro de computación gráfica: una perspectiva,2025-04-26,Este artículo explora los fundamentos de Computación Gráfica y sus aplicaciones prácticas en diversos sectores.,Enviado
155,Marco de trabajo para bases de datos escalable,2023-06-22,Ofrecemos una guía práctica y detallada para la implementacin exitosa de soluciones de Bases de Datos en entornos reales.,Enviado
156,Optimización de procesos mediante bases de datos,2024-04-29,"Se analizan los retos de seguridad, privacidad y éticos asociados con la adopción masiva de Bases de Datos.",Enviado
157,El futuro de redes de computadores: una perspectiva,2024-05-30,Exploramos la sinergia entre Redes de Computadores y Teoría de la Computación para crear soluciones más robustas y potentes.,Enviado
158,Seguridad en sistemas de desarrollo web full-stack,2023-12-04,Análisis detallado sobre Desarrollo Web Full-Stack.,Enviado
159,Desafíos actuales en computación en la nube,2024-08-03,Análisis detallado sobre Computación en la Nube.,Enviado
160,Implementación de sistemas operativos en la industria,2025-03-15,Este artículo explora los fundamentos de Sistemas Operativos y sus aplicaciones prácticas en diversos sectores.,Enviado
161,Evaluación de rendimiento en visión por computador,2023-08-17,"Se analizan los retos de seguridad, privacidad y éticos asociados con la adopción masiva de Visión por Computador.",Enviado
162,Seguridad en sistemas de computación en la nube,2025-04-11,Se propone un marco de trabajo innovador basado en Computación en la Nube para mejorar la eficiencia y reducir costos operativos.,Enviado
163,El futuro de realidad virtual y aumentada: una perspectiva,2024-04-07,"Discutimos las ventajas y desventajas de diferentes enfoques en Realidad Virtual y Aumentada y Redes de Computadores, proveyendo una guía comparativa.",Enviado
164,Análisis profundo de ingeniería de software,2023-08-27,Se propone un marco de trabajo innovador basado en Ingeniería de Software para mejorar la eficiencia y reducir costos operativos.,Enviado
165,Seguridad en sistemas de procesamiento de lenguaje natural,2024-01-26,"El presente trabajo detalla una nueva metodología para abordar problemas complejos en Procesamiento de Lenguaje Natural, validada experimentalmente.",Enviado
166,Optimización de procesos mediante internet de las cosas,2024-02-11,Ofrecemos una guía práctica y detallada para la implementacin exitosa de soluciones de Internet de las Cosas en entornos reales.,Enviado
167,Evaluación de rendimiento en algoritmos y estructuras de datos,2023-09-04,"Discutimos las ventajas y desventajas de diferentes enfoques en Algoritmos y Estructuras de Datos y Procesamiento de Lenguaje Natural, proveyendo u...",Enviado
168,Marco de trabajo para big data escalable,2023-06-23,Resultados de un estudio de caso sobre la aplicación de Big Data para resolver un problema específico de la industria.,Enviado
169,Análisis profundo de internet de las cosas,2025-05-02,"El presente trabajo detalla una nueva metodología para abordar problemas complejos en Internet de las Cosas, validada experimentalmente.",Enviado
170,Evaluación de rendimiento en realidad virtual y aumentada,2025-05-08,"Se analizan los retos de seguridad, privacidad y éticos asociados con la adopción masiva de Realidad Virtual y Aumentada.",Enviado
171,Marco de trabajo para redes de computadores escalable,2024-08-21,Se propone un marco de trabajo innovador basado en Redes de Computadores para mejorar la eficiencia y reducir costos operativos.,Enviado
172,Estudio comparativo sobre sistemas operativos y teoría de la computación,2024-03-06,Exploramos la sinergia entre Sistemas Operativos y Teoría de la Computación para crear soluciones más robustas y potentes.,Enviado
173,Marco de trabajo para aprendizaje automático escalable,2023-05-28,Este estudio investiga el impacto de Aprendizaje Automático en el desarrollo tecnológico actual y sus implicaciones futuras.,Enviado
174,El futuro de algoritmos y estructuras de datos: una perspectiva,2023-09-29,"El presente trabajo detalla una nueva metodología para abordar problemas complejos en Algoritmos y Estructuras de Datos, validada experimentalmente.",Enviado
175,Marco de trabajo para bases de datos escalable,2024-08-07,"El presente trabajo detalla una nueva metodología para abordar problemas complejos en Bases de Datos, validada experimentalmente.",Enviado
176,Nuevas tendencias en internet de las cosas,2023-08-27,Se presenta una revisión exhaustiva de las últimas investigaciones y avances en el campo de Internet de las Cosas.,Enviado
177,Marco de trabajo para redes de computadores escalable,2023-07-08,Resultados de un estudio de caso sobre la aplicación de Redes de Computadores para resolver un problema específico de la industria.,Enviado
178,Estudio comparativo sobre aprendizaje automático y sistemas operativos,2025-05-06,"El presente trabajo detalla una nueva metodología para abordar problemas complejos en Aprendizaje Automático, validada experimentalmente.",Enviado
179,Nuevas tendencias en procesamiento de lenguaje natural,2024-03-30,Se presenta una revisión exhaustiva de las últimas investigaciones y avances en el campo de Procesamiento de Lenguaje Natural.,Enviado
180,El futuro de inteligencia artificial: una perspectiva,2024-09-17,"Discutimos las ventajas y desventajas de diferentes enfoques en Inteligencia Artificial y Blockchain, proveyendo una guía comparativa.",Enviado
181,Introducción a realidad virtual y aumentada para principiantes,2023-10-11,Este artículo explora los fundamentos de Realidad Virtual y Aumentada y sus aplicaciones prácticas en diversos sectores.,Enviado
182,Investigación sobre realidad virtual y aumentada,2024-11-10,"Se analizan los retos de seguridad, privacidad y éticos asociados con la adopción masiva de Realidad Virtual y Aumentada.",Enviado
183,Análisis profundo de desarrollo web full-stack,2024-06-08,Exploramos la sinergia entre Desarrollo Web Full-Stack y Bases de Datos para crear soluciones más robustas y potentes.,Enviado
184,Análisis profundo de blockchain,2023-09-03,Este artículo explora los fundamentos de Blockchain y sus aplicaciones prácticas en diversos sectores.,Enviado
185,Desafíos actuales en realidad virtual y aumentada,2023-07-27,Análisis detallado sobre Realidad Virtual y Aumentada.,Enviado
186,Nuevas tendencias en computación en la nube,2024-07-10,Este artículo explora los fundamentos de Computación en la Nube y sus aplicaciones prácticas en diversos sectores.,Enviado
187,Seguridad en sistemas de ingeniería de software,2024-09-15,Exploramos la sinergia entre Ingeniería de Software y Algoritmos y Estructuras de Datos para crear soluciones más robustas y potentes.,Enviado
188,Nuevas tendencias en algoritmos y estructuras de datos,2025-03-25,Se propone un marco de trabajo innovador basado en Algoritmos y Estructuras de Datos para mejorar la eficiencia y reducir costos operativos.,Enviado
189,Aplicaciones prácticas de aprendizaje automático con visión por computador,2023-05-21,"Se analizan los retos de seguridad, privacidad y éticos asociados con la adopción masiva de Aprendizaje Automático.",Enviado
190,Nuevas tendencias en desarrollo web full-stack,2023-05-19,Este artículo explora los fundamentos de Desarrollo Web Full-Stack y sus aplicaciones prácticas en diversos sectores.,Enviado
191,Evaluación de rendimiento en procesamiento de lenguaje natural,2025-02-25,Se presenta una revisión exhaustiva de las últimas investigaciones y avances en el campo de Procesamiento de Lenguaje Natural.,Enviado
192,Nuevas tendencias en visión por computador,2024-03-19,Exploramos la sinergia entre Visión por Computador y Bases de Datos para crear soluciones más robustas y potentes.,Enviado
193,Evaluación de rendimiento en algoritmos y estructuras de datos,2023-05-19,Exploramos la sinergia entre Algoritmos y Estructuras de Datos y Ciberseguridad para crear soluciones más robustas y potentes.,Enviado
194,Estudio comparativo sobre visión por computador y computación gráfica,2023-11-02,Exploramos la sinergia entre Visión por Computador y Computación Gráfica para crear soluciones más robustas y potentes.,Enviado
195,Aplicaciones prácticas de ciberseguridad con sistemas operativos,2025-03-07,Este estudio investiga el impacto de Ciberseguridad en el desarrollo tecnológico actual y sus implicaciones futuras.,Enviado
196,Seguridad en sistemas de bases de datos,2023-11-18,Análisis detallado sobre Bases de Datos.,Enviado
197,Implementación de ingeniería de software en la industria,2025-04-01,Ofrecemos una guía práctica y detallada para la implementacin exitosa de soluciones de Ingeniería de Software en entornos reales.,Enviado
198,Desafíos actuales en blockchain,2023-11-08,Se propone un marco de trabajo innovador basado en Blockchain para mejorar la eficiencia y reducir costos operativos.,Enviado
199,Implementación de computación en la nube en la industria,2024-11-10,Exploramos la sinergia entre Computación en la Nube y Blockchain para crear soluciones más robustas y potentes.,Enviado
200,Evaluación de rendimiento en computación gráfica,2024-04-23,Ofrecemos una guía práctica y detallada para la implementacin exitosa de soluciones de Computación Gráfica en entornos reales.,Enviado
201,Implementación de bases de datos en la industria,2023-12-26,Este estudio investiga el impacto de Bases de Datos en el desarrollo tecnológico actual y sus implicaciones futuras.,Enviado
202,Implementación de visión por computador en la industria,2023-06-21,Exploramos la sinergia entre Visión por Computador y Computación Gráfica para crear soluciones más robustas y potentes.,Enviado
203,Análisis profundo de algoritmos y estructuras de datos,2024-04-06,"Se analizan los retos de seguridad, privacidad y éticos asociados con la adopción masiva de Algoritmos y Estructuras de Datos.",Enviado
204,Seguridad en sistemas de internet de las cosas,2024-11-16,Este artículo explora los fundamentos de Internet de las Cosas y sus aplicaciones prácticas en diversos sectores.,Enviado
205,Introducción a ingeniería de software para principiantes,2025-03-19,Exploramos la sinergia entre Ingeniería de Software y Inteligencia Artificial para crear soluciones más robustas y potentes.,Enviado
206,Desafíos actuales en desarrollo web full-stack,2024-11-16,"Discutimos las ventajas y desventajas de diferentes enfoques en Desarrollo Web Full-Stack y Procesamiento de Lenguaje Natural, proveyendo una guía ...",Enviado
207,Nuevas tendencias en procesamiento de lenguaje natural,2024-06-25,Resultados de un estudio de caso sobre la aplicación de Procesamiento de Lenguaje Natural para resolver un problema específico de la industria.,Enviado
208,Análisis profundo de blockchain,2023-10-17,Se presenta una revisión exhaustiva de las últimas investigaciones y avances en el campo de Blockchain.,Enviado
209,Optimización de procesos mediante blockchain,2023-05-28,Ofrecemos una guía práctica y detallada para la implementacin exitosa de soluciones de Blockchain en entornos reales.,Enviado
210,Evaluación de rendimiento en redes de computadores,2023-08-11,Se presenta una revisión exhaustiva de las últimas investigaciones y avances en el campo de Redes de Computadores.,Enviado
211,Investigación sobre bases de datos,2025-01-26,Se propone un marco de trabajo innovador basado en Bases de Datos para mejorar la eficiencia y reducir costos operativos.,Enviado
212,Optimización de procesos mediante aprendizaje automático,2024-05-27,Exploramos la sinergia entre Aprendizaje Automático y Procesamiento de Lenguaje Natural para crear soluciones más robustas y potentes.,Enviado
213,Optimización de procesos mediante ciberseguridad,2023-07-06,Exploramos la sinergia entre Ciberseguridad y Realidad Virtual y Aumentada para crear soluciones más robustas y potentes.,Enviado
214,Seguridad en sistemas de bases de datos,2024-02-11,Resultados de un estudio de caso sobre la aplicación de Bases de Datos para resolver un problema específico de la industria.,Enviado
215,Optimización de procesos mediante aprendizaje automático,2025-02-08,"El presente trabajo detalla una nueva metodología para abordar problemas complejos en Aprendizaje Automático, validada experimentalmente.",Enviado
216,Nuevas tendencias en algoritmos y estructuras de datos,2024-01-07,Este estudio investiga el impacto de Algoritmos y Estructuras de Datos en el desarrollo tecnológico actual y sus implicaciones futuras.,Enviado
217,Seguridad en sistemas de bases de datos,2024-10-18,Este estudio investiga el impacto de Bases de Datos en el desarrollo tecnológico actual y sus implicaciones futuras.,Enviado
218,Análisis profundo de algoritmos y estructuras de datos,2025-02-27,"Se analizan los retos de seguridad, privacidad y éticos asociados con la adopción masiva de Algoritmos y Estructuras de Datos.",Enviado
219,Investigación sobre realidad virtual y aumentada,2024-10-05,Resultados de un estudio de caso sobre la aplicación de Realidad Virtual y Aumentada para resolver un problema específico de la industria.,Enviado
220,Análisis profundo de redes de computadores,2025-04-08,"Discutimos las ventajas y desventajas de diferentes enfoques en Redes de Computadores y Aprendizaje Automático, proveyendo una guía comparativa.",Enviado
221,Marco de trabajo para aprendizaje automático escalable,2024-03-22,"Se analizan los retos de seguridad, privacidad y éticos asociados con la adopción masiva de Aprendizaje Automático.",Enviado
222,Evaluación de rendimiento en desarrollo web full-stack,2024-12-29,Resultados de un estudio de caso sobre la aplicación de Desarrollo Web Full-Stack para resolver un problema específico de la industria.,Enviado
223,Seguridad en sistemas de redes de computadores,2023-05-19,Exploramos la sinergia entre Redes de Computadores y Algoritmos y Estructuras de Datos para crear soluciones más robustas y potentes.,Enviado
224,Introducción a ciberseguridad para principiantes,2024-05-01,"El presente trabajo detalla una nueva metodología para abordar problemas complejos en Ciberseguridad, validada experimentalmente.",Enviado
225,Evaluación de rendimiento en ciberseguridad,2024-12-09,Este artículo explora los fundamentos de Ciberseguridad y sus aplicaciones prácticas en diversos sectores.,Enviado
226,Implementación de procesamiento de lenguaje natural en la industria,2023-06-06,Ofrecemos una guía práctica y detallada para la implementacin exitosa de soluciones de Procesamiento de Lenguaje Natural en entornos reales.,Enviado
227,Seguridad en sistemas de sistemas operativos,2024-03-23,Se presenta una revisión exhaustiva de las últimas investigaciones y avances en el campo de Sistemas Operativos.,Enviado
228,Desafíos actuales en computación en la nube,2024-10-22,Se presenta una revisión exhaustiva de las últimas investigaciones y avances en el campo de Computación en la Nube.,Enviado
229,El futuro de realidad virtual y aumentada: una perspectiva,2024-07-18,"Discutimos las ventajas y desventajas de diferentes enfoques en Realidad Virtual y Aumentada y Algoritmos y Estructuras de Datos, proveyendo una gu...",Enviado
230,Análisis profundo de realidad virtual y aumentada,2024-12-27,Se propone un marco de trabajo innovador basado en Realidad Virtual y Aumentada para mejorar la eficiencia y reducir costos operativos.,Enviado
231,Evaluación de rendimiento en big data,2024-04-05,Se propone un marco de trabajo innovador basado en Big Data para mejorar la eficiencia y reducir costos operativos.,Enviado
232,Evaluación de rendimiento en blockchain,2025-04-25,Se presenta una revisión exhaustiva de las últimas investigaciones y avances en el campo de Blockchain.,Enviado
233,Implementación de redes de computadores en la industria,2024-12-15,Este estudio investiga el impacto de Redes de Computadores en el desarrollo tecnológico actual y sus implicaciones futuras.,Enviado
234,Introducción a ciberseguridad para principiantes,2024-09-07,Este artículo explora los fundamentos de Ciberseguridad y sus aplicaciones prácticas en diversos sectores.,Enviado
235,Implementación de ciberseguridad en la industria,2023-08-26,Exploramos la sinergia entre Ciberseguridad y Ingeniería de Software para crear soluciones más robustas y potentes.,Enviado
236,Marco de trabajo para algoritmos y estructuras de datos escalable,2024-01-19,Resultados de un estudio de caso sobre la aplicación de Algoritmos y Estructuras de Datos para resolver un problema específico de la industria.,Enviado
237,Estudio comparativo sobre ciberseguridad y computación gráfica,2023-11-02,"El presente trabajo detalla una nueva metodología para abordar problemas complejos en Ciberseguridad, validada experimentalmente.",Enviado
238,Evaluación de rendimiento en big data,2024-07-01,Se presenta una revisión exhaustiva de las últimas investigaciones y avances en el campo de Big Data.,Enviado
239,Introducción a blockchain para principiantes,2023-07-13,Resultados de un estudio de caso sobre la aplicación de Blockchain para resolver un problema específico de la industria.,Enviado
240,Seguridad en sistemas de ciberseguridad,2023-06-29,Este estudio investiga el impacto de Ciberseguridad en el desarrollo tecnológico actual y sus implicaciones futuras.,Enviado
241,Desafíos actuales en visión por computador,2024-02-03,"Se analizan los retos de seguridad, privacidad y éticos asociados con la adopción masiva de Visión por Computador.",Enviado
242,Investigación sobre ingeniería de software,2023-07-11,Análisis detallado sobre Ingeniería de Software.,Enviado
243,Desafíos actuales en computación gráfica,2025-01-02,"El presente trabajo detalla una nueva metodología para abordar problemas complejos en Computación Gráfica, validada experimentalmente.",Enviado
244,El futuro de big data: una perspectiva,2024-06-10,Se propone un marco de trabajo innovador basado en Big Data para mejorar la eficiencia y reducir costos operativos.,Enviado
245,Estudio comparativo sobre internet de las cosas y redes de computadores,2024-07-19,Este estudio investiga el impacto de Internet de las Cosas en el desarrollo tecnológico actual y sus implicaciones futuras.,Enviado
246,Estudio comparativo sobre redes de computadores y teoría de la computación,2024-11-15,Se presenta una revisión exhaustiva de las últimas investigaciones y avances en el campo de Redes de Computadores.,Enviado
247,Aplicaciones prácticas de internet de las cosas con aprendizaje automático,2023-07-24,Ofrecemos una guía práctica y detallada para la implementacin exitosa de soluciones de Internet de las Cosas en entornos reales.,Enviado
248,Optimización de procesos mediante inteligencia artificial,2024-12-14,Ofrecemos una guía práctica y detallada para la implementacin exitosa de soluciones de Inteligencia Artificial en entornos reales.,Enviado
249,Introducción a bases de datos para principiantes,2023-10-15,"Se analizan los retos de seguridad, privacidad y éticos asociados con la adopción masiva de Bases de Datos.",Enviado
250,Seguridad en sistemas de visión por computador,2023-06-23,Este artículo explora los fundamentos de Visión por Computador y sus aplicaciones prácticas en diversos sectores.,Enviado
251,Análisis profundo de aprendizaje automático,2023-09-15,Se propone un marco de trabajo innovador basado en Aprendizaje Automático para mejorar la eficiencia y reducir costos operativos.,Enviado
252,Optimización de procesos mediante teoría de la computación,2025-01-28,Ofrecemos una guía práctica y detallada para la implementacin exitosa de soluciones de Teoría de la Computación en entornos reales.,Enviado
253,El futuro de realidad virtual y aumentada: una perspectiva,2024-01-19,Se presenta una revisión exhaustiva de las últimas investigaciones y avances en el campo de Realidad Virtual y Aumentada.,Enviado
254,El futuro de ingeniería de software: una perspectiva,2024-07-20,Ofrecemos una guía práctica y detallada para la implementacin exitosa de soluciones de Ingeniería de Software en entornos reales.,Enviado
255,Desafíos actuales en redes de computadores,2024-03-30,"Se analizan los retos de seguridad, privacidad y éticos asociados con la adopción masiva de Redes de Computadores.",Enviado
256,Introducción a ingeniería de software para principiantes,2024-08-06,Se presenta una revisión exhaustiva de las últimas investigaciones y avances en el campo de Ingeniería de Software.,Enviado
257,Introducción a teoría de la computación para principiantes,2024-06-28,Se propone un marco de trabajo innovador basado en Teoría de la Computación para mejorar la eficiencia y reducir costos operativos.,Enviado
258,Marco de trabajo para big data escalable,2023-10-23,Análisis detallado sobre Big Data.,Enviado
259,Seguridad en sistemas de visión por computador,2024-12-31,Se propone un marco de trabajo innovador basado en Visión por Computador para mejorar la eficiencia y reducir costos operativos.,Enviado
260,Introducción a inteligencia artificial para principiantes,2024-07-23,Este estudio investiga el impacto de Inteligencia Artificial en el desarrollo tecnológico actual y sus implicaciones futuras.,Enviado
261,Optimización de procesos mediante desarrollo web full-stack,2023-09-19,Ofrecemos una guía práctica y detallada para la implementacin exitosa de soluciones de Desarrollo Web Full-Stack en entornos reales.,Enviado
262,Introducción a computación en la nube para principiantes,2025-05-02,Análisis detallado sobre Computación en la Nube.,Enviado
263,Seguridad en sistemas de bases de datos,2023-09-27,Resultados de un estudio de caso sobre la aplicación de Bases de Datos para resolver un problema específico de la industria.,Enviado
264,El futuro de ingeniería de software: una perspectiva,2023-06-17,Se presenta una revisión exhaustiva de las últimas investigaciones y avances en el campo de Ingeniería de Software.,Enviado
265,Optimización de procesos mediante sistemas operativos,2025-01-27,Exploramos la sinergia entre Sistemas Operativos y Teoría de la Computación para crear soluciones más robustas y potentes.,Enviado
266,Evaluación de rendimiento en blockchain,2023-12-18,Este artículo explora los fundamentos de Blockchain y sus aplicaciones prácticas en diversos sectores.,Enviado
267,Introducción a sistemas operativos para principiantes,2024-02-01,Ofrecemos una guía práctica y detallada para la implementacin exitosa de soluciones de Sistemas Operativos en entornos reales.,Enviado
268,Evaluación de rendimiento en teoría de la computación,2025-04-29,Ofrecemos una guía práctica y detallada para la implementacin exitosa de soluciones de Teoría de la Computación en entornos reales.,Enviado
269,Evaluación de rendimiento en internet de las cosas,2024-11-28,"Se analizan los retos de seguridad, privacidad y éticos asociados con la adopción masiva de Internet de las Cosas.",Enviado
270,Implementación de computación gráfica en la industria,2025-01-23,"Se analizan los retos de seguridad, privacidad y éticos asociados con la adopción masiva de Computación Gráfica.",Enviado
271,Introducción a aprendizaje automático para principiantes,2024-02-19,"Discutimos las ventajas y desventajas de diferentes enfoques en Aprendizaje Automático y Redes de Computadores, proveyendo una guía comparativa.",Enviado
272,Nuevas tendencias en big data,2024-04-15,Ofrecemos una guía práctica y detallada para la implementacin exitosa de soluciones de Big Data en entornos reales.,Enviado
273,Marco de trabajo para inteligencia artificial escalable,2024-07-06,Se propone un marco de trabajo innovador basado en Inteligencia Artificial para mejorar la eficiencia y reducir costos operativos.,Enviado
274,Estudio comparativo sobre algoritmos y estructuras de datos y internet de las cosas,2024-11-25,"Se analizan los retos de seguridad, privacidad y éticos asociados con la adopción masiva de Algoritmos y Estructuras de Datos.",Enviado
275,Evaluación de rendimiento en big data,2023-08-03,Exploramos la sinergia entre Big Data y Inteligencia Artificial para crear soluciones más robustas y potentes.,Enviado
276,Análisis profundo de teoría de la computación,2025-04-13,Este artículo explora los fundamentos de Teoría de la Computación y sus aplicaciones prácticas en diversos sectores.,Enviado
277,Optimización de procesos mediante ciberseguridad,2024-04-15,"El presente trabajo detalla una nueva metodología para abordar problemas complejos en Ciberseguridad, validada experimentalmente.",Enviado
278,Implementación de ciberseguridad en la industria,2023-07-31,Resultados de un estudio de caso sobre la aplicación de Ciberseguridad para resolver un problema específico de la industria.,Enviado
279,Implementación de blockchain en la industria,2025-04-24,"El presente trabajo detalla una nueva metodología para abordar problemas complejos en Blockchain, validada experimentalmente.",Enviado
280,Marco de trabajo para teoría de la computación escalable,2023-07-10,Se propone un marco de trabajo innovador basado en Teoría de la Computación para mejorar la eficiencia y reducir costos operativos.,Enviado
281,Marco de trabajo para computación gráfica escalable,2023-05-21,Se propone un marco de trabajo innovador basado en Computación Gráfica para mejorar la eficiencia y reducir costos operativos.,Enviado
282,Aplicaciones prácticas de aprendizaje automático con bases de datos,2025-02-19,Resultados de un estudio de caso sobre la aplicación de Aprendizaje Automático para resolver un problema específico de la industria.,Enviado
283,Seguridad en sistemas de realidad virtual y aumentada,2024-01-16,"Se analizan los retos de seguridad, privacidad y éticos asociados con la adopción masiva de Realidad Virtual y Aumentada.",Enviado
284,Evaluación de rendimiento en inteligencia artificial,2024-11-15,"Se analizan los retos de seguridad, privacidad y éticos asociados con la adopción masiva de Inteligencia Artificial.",Enviado
285,Implementación de ingeniería de software en la industria,2024-05-21,Resultados de un estudio de caso sobre la aplicación de Ingeniería de Software para resolver un problema específico de la industria.,Enviado
286,Aplicaciones prácticas de sistemas operativos con computación gráfica,2024-03-03,"Discutimos las ventajas y desventajas de diferentes enfoques en Sistemas Operativos y Computación Gráfica, proveyendo una guía comparativa.",Enviado
287,Evaluación de rendimiento en ciberseguridad,2025-02-08,"El presente trabajo detalla una nueva metodología para abordar problemas complejos en Ciberseguridad, validada experimentalmente.",Enviado
288,Estudio comparativo sobre computación en la nube y aprendizaje automático,2023-12-07,Este artículo explora los fundamentos de Computación en la Nube y sus aplicaciones prácticas en diversos sectores.,Enviado
289,Aplicaciones prácticas de visión por computador con redes de computadores,2024-12-06,Este estudio investiga el impacto de Visión por Computador en el desarrollo tecnológico actual y sus implicaciones futuras.,Enviado
290,Marco de trabajo para teoría de la computación escalable,2024-01-11,Se presenta una revisión exhaustiva de las últimas investigaciones y avances en el campo de Teoría de la Computación.,Enviado
291,Evaluación de rendimiento en internet de las cosas,2023-10-19,"Se analizan los retos de seguridad, privacidad y éticos asociados con la adopción masiva de Internet de las Cosas.",Enviado
292,Desafíos actuales en ingeniería de software,2025-03-20,Exploramos la sinergia entre Ingeniería de Software y Internet de las Cosas para crear soluciones más robustas y potentes.,Enviado
293,Implementación de blockchain en la industria,2025-04-08,Este artículo explora los fundamentos de Blockchain y sus aplicaciones prácticas en diversos sectores.,Enviado
294,Implementación de teoría de la computación en la industria,2023-07-12,Este estudio investiga el impacto de Teoría de la Computación en el desarrollo tecnológico actual y sus implicaciones futuras.,Enviado
295,Marco de trabajo para sistemas operativos escalable,2024-10-28,Este artículo explora los fundamentos de Sistemas Operativos y sus aplicaciones prácticas en diversos sectores.,Enviado
296,Desafíos actuales en big data,2024-07-13,"Se analizan los retos de seguridad, privacidad y éticos asociados con la adopción masiva de Big Data.",Enviado
297,Nuevas tendencias en bases de datos,2025-03-06,Ofrecemos una guía práctica y detallada para la implementacin exitosa de soluciones de Bases de Datos en entornos reales.,Enviado
298,Investigación sobre algoritmos y estructuras de datos,2023-08-10,Análisis detallado sobre Algoritmos y Estructuras de Datos.,Enviado
299,Evaluación de rendimiento en ciberseguridad,2023-06-19,"Discutimos las ventajas y desventajas de diferentes enfoques en Ciberseguridad y Aprendizaje Automático, proveyendo una guía comparativa.",Enviado
300,Aplicaciones prácticas de desarrollo web full-stack con ingeniería de software,2024-04-24,"El presente trabajo detalla una nueva metodología para abordar problemas complejos en Desarrollo Web Full-Stack, validada experimentalmente.",Enviado
301,Implementación de ciberseguridad en la industria,2024-02-10,Se propone un marco de trabajo innovador basado en Ciberseguridad para mejorar la eficiencia y reducir costos operativos.,Enviado
302,Seguridad en sistemas de ingeniería de software,2024-10-25,Se propone un marco de trabajo innovador basado en Ingeniería de Software para mejorar la eficiencia y reducir costos operativos.,Enviado
303,El futuro de inteligencia artificial: una perspectiva,2024-06-07,"Se analizan los retos de seguridad, privacidad y éticos asociados con la adopción masiva de Inteligencia Artificial.",Enviado
304,El futuro de blockchain: una perspectiva,2024-10-25,Exploramos la sinergia entre Blockchain y Procesamiento de Lenguaje Natural para crear soluciones más robustas y potentes.,Enviado
305,Introducción a computación gráfica para principiantes,2024-04-23,"El presente trabajo detalla una nueva metodología para abordar problemas complejos en Computación Gráfica, validada experimentalmente.",Enviado
306,Estudio comparativo sobre aprendizaje automático y blockchain,2025-03-28,Resultados de un estudio de caso sobre la aplicación de Aprendizaje Automático para resolver un problema específico de la industria.,Enviado
307,Optimización de procesos mediante realidad virtual y aumentada,2025-01-13,Se presenta una revisión exhaustiva de las últimas investigaciones y avances en el campo de Realidad Virtual y Aumentada.,Enviado
308,Introducción a ciberseguridad para principiantes,2023-08-09,Resultados de un estudio de caso sobre la aplicación de Ciberseguridad para resolver un problema específico de la industria.,Enviado
309,Nuevas tendencias en algoritmos y estructuras de datos,2024-07-25,Análisis detallado sobre Algoritmos y Estructuras de Datos.,Enviado
310,Desafíos actuales en ciberseguridad,2024-07-06,Se propone un marco de trabajo innovador basado en Ciberseguridad para mejorar la eficiencia y reducir costos operativos.,Enviado
311,Seguridad en sistemas de algoritmos y estructuras de datos,2023-12-12,Este estudio investiga el impacto de Algoritmos y Estructuras de Datos en el desarrollo tecnológico actual y sus implicaciones futuras.,Enviado
312,Introducción a desarrollo web full-stack para principiantes,2024-04-18,Se propone un marco de trabajo innovador basado en Desarrollo Web Full-Stack para mejorar la eficiencia y reducir costos operativos.,Enviado
313,Análisis profundo de procesamiento de lenguaje natural,2023-11-03,Análisis detallado sobre Procesamiento de Lenguaje Natural.,Enviado
314,Implementación de big data en la industria,2023-05-28,Este artículo explora los fundamentos de Big Data y sus aplicaciones prácticas en diversos sectores.,Enviado
315,Investigación sobre aprendizaje automático,2023-10-10,Este artículo explora los fundamentos de Aprendizaje Automático y sus aplicaciones prácticas en diversos sectores.,Enviado
316,Evaluación de rendimiento en aprendizaje automático,2023-05-28,Este artículo explora los fundamentos de Aprendizaje Automático y sus aplicaciones prácticas en diversos sectores.,Enviado
317,Marco de trabajo para procesamiento de lenguaje natural escalable,2024-09-10,"Discutimos las ventajas y desventajas de diferentes enfoques en Procesamiento de Lenguaje Natural y Sistemas Operativos, proveyendo una guía compar...",Enviado
318,Desafíos actuales en ciberseguridad,2024-05-20,"Se analizan los retos de seguridad, privacidad y éticos asociados con la adopción masiva de Ciberseguridad.",Enviado
319,El futuro de computación gráfica: una perspectiva,2024-01-05,Análisis detallado sobre Computación Gráfica.,Enviado
320,Optimización de procesos mediante procesamiento de lenguaje natural,2024-09-20,Este estudio investiga el impacto de Procesamiento de Lenguaje Natural en el desarrollo tecnológico actual y sus implicaciones futuras.,Enviado
321,Implementación de sistemas operativos en la industria,2024-11-18,Se presenta una revisión exhaustiva de las últimas investigaciones y avances en el campo de Sistemas Operativos.,Enviado
322,Introducción a computación en la nube para principiantes,2025-03-22,"Se analizan los retos de seguridad, privacidad y éticos asociados con la adopción masiva de Computación en la Nube.",Enviado
323,El futuro de algoritmos y estructuras de datos: una perspectiva,2023-08-11,Este estudio investiga el impacto de Algoritmos y Estructuras de Datos en el desarrollo tecnológico actual y sus implicaciones futuras.,Enviado
324,Evaluación de rendimiento en visión por computador,2024-08-26,Resultados de un estudio de caso sobre la aplicación de Visión por Computador para resolver un problema específico de la industria.,Enviado
325,El futuro de realidad virtual y aumentada: una perspectiva,2023-11-15,Ofrecemos una guía práctica y detallada para la implementacin exitosa de soluciones de Realidad Virtual y Aumentada en entornos reales.,Enviado
326,El futuro de big data: una perspectiva,2024-06-01,"Se analizan los retos de seguridad, privacidad y éticos asociados con la adopción masiva de Big Data.",Enviado
327,Introducción a algoritmos y estructuras de datos para principiantes,2024-11-28,Este artículo explora los fundamentos de Algoritmos y Estructuras de Datos y sus aplicaciones prácticas en diversos sectores.,Enviado
328,Seguridad en sistemas de ciberseguridad,2025-04-16,Se presenta una revisión exhaustiva de las últimas investigaciones y avances en el campo de Ciberseguridad.,Enviado
329,El futuro de sistemas operativos: una perspectiva,2025-02-20,Se propone un marco de trabajo innovador basado en Sistemas Operativos para mejorar la eficiencia y reducir costos operativos.,Enviado
330,Introducción a computación en la nube para principiantes,2024-03-29,Este estudio investiga el impacto de Computación en la Nube en el desarrollo tecnológico actual y sus implicaciones futuras.,Enviado
331,Marco de trabajo para sistemas operativos escalable,2024-06-09,Se presenta una revisión exhaustiva de las últimas investigaciones y avances en el campo de Sistemas Operativos.,Enviado
332,Evaluación de rendimiento en algoritmos y estructuras de datos,2025-04-30,Resultados de un estudio de caso sobre la aplicación de Algoritmos y Estructuras de Datos para resolver un problema específico de la industria.,Enviado
333,Evaluación de rendimiento en realidad virtual y aumentada,2025-03-28,Se presenta una revisión exhaustiva de las últimas investigaciones y avances en el campo de Realidad Virtual y Aumentada.,Enviado
334,Investigación sobre computación gráfica,2024-12-23,"El presente trabajo detalla una nueva metodología para abordar problemas complejos en Computación Gráfica, validada experimentalmente.",Enviado
335,Aplicaciones prácticas de desarrollo web full-stack con computación en la nube,2024-08-13,Resultados de un estudio de caso sobre la aplicación de Desarrollo Web Full-Stack para resolver un problema específico de la industria.,Enviado
336,Optimización de procesos mediante computación en la nube,2024-11-26,"Discutimos las ventajas y desventajas de diferentes enfoques en Computación en la Nube y Computación Gráfica, proveyendo una guía comparativa.",Enviado
337,Investigación sobre blockchain,2024-03-23,Se propone un marco de trabajo innovador basado en Blockchain para mejorar la eficiencia y reducir costos operativos.,Enviado
338,Análisis profundo de algoritmos y estructuras de datos,2024-12-15,Resultados de un estudio de caso sobre la aplicación de Algoritmos y Estructuras de Datos para resolver un problema específico de la industria.,Enviado
339,Nuevas tendencias en procesamiento de lenguaje natural,2023-08-02,"Se analizan los retos de seguridad, privacidad y éticos asociados con la adopción masiva de Procesamiento de Lenguaje Natural.",Enviado
340,Seguridad en sistemas de blockchain,2023-06-28,Este artículo explora los fundamentos de Blockchain y sus aplicaciones prácticas en diversos sectores.,Enviado
341,Implementación de big data en la industria,2024-08-15,Se presenta una revisión exhaustiva de las últimas investigaciones y avances en el campo de Big Data.,Enviado
342,Desafíos actuales en inteligencia artificial,2023-09-27,Se propone un marco de trabajo innovador basado en Inteligencia Artificial para mejorar la eficiencia y reducir costos operativos.,Enviado
343,Seguridad en sistemas de bases de datos,2024-01-19,Análisis detallado sobre Bases de Datos.,Enviado
344,Aplicaciones prácticas de ciberseguridad con sistemas operativos,2023-12-25,Se propone un marco de trabajo innovador basado en Ciberseguridad para mejorar la eficiencia y reducir costos operativos.,Enviado
345,Evaluación de rendimiento en ingeniería de software,2024-07-12,Resultados de un estudio de caso sobre la aplicación de Ingeniería de Software para resolver un problema específico de la industria.,Enviado
346,Investigación sobre desarrollo web full-stack,2025-01-10,Análisis detallado sobre Desarrollo Web Full-Stack.,Enviado
347,Análisis profundo de blockchain,2024-04-01,Se propone un marco de trabajo innovador basado en Blockchain para mejorar la eficiencia y reducir costos operativos.,Enviado
348,Desafíos actuales en computación en la nube,2024-02-22,Se propone un marco de trabajo innovador basado en Computación en la Nube para mejorar la eficiencia y reducir costos operativos.,Enviado
349,Análisis profundo de redes de computadores,2023-08-11,Este estudio investiga el impacto de Redes de Computadores en el desarrollo tecnológico actual y sus implicaciones futuras.,Enviado
350,Análisis profundo de visión por computador,2023-10-13,"Se analizan los retos de seguridad, privacidad y éticos asociados con la adopción masiva de Visión por Computador.",Enviado
351,Implementación de big data en la industria,2024-12-30,Este artículo explora los fundamentos de Big Data y sus aplicaciones prácticas en diversos sectores.,Enviado
352,Nuevas tendencias en bases de datos,2024-01-08,Este estudio investiga el impacto de Bases de Datos en el desarrollo tecnológico actual y sus implicaciones futuras.,Enviado
353,Marco de trabajo para big data escalable,2023-08-04,Se presenta una revisión exhaustiva de las últimas investigaciones y avances en el campo de Big Data.,Enviado
354,Nuevas tendencias en redes de computadores,2024-05-25,Exploramos la sinergia entre Redes de Computadores y Procesamiento de Lenguaje Natural para crear soluciones más robustas y potentes.,Enviado
355,Desafíos actuales en ingeniería de software,2024-01-10,"El presente trabajo detalla una nueva metodología para abordar problemas complejos en Ingeniería de Software, validada experimentalmente.",Enviado
356,El futuro de realidad virtual y aumentada: una perspectiva,2023-10-18,"El presente trabajo detalla una nueva metodología para abordar problemas complejos en Realidad Virtual y Aumentada, validada experimentalmente.",Enviado
357,Seguridad en sistemas de blockchain,2023-08-13,Se presenta una revisión exhaustiva de las últimas investigaciones y avances en el campo de Blockchain.,Enviado
358,Desafíos actuales en sistemas operativos,2024-06-04,Este estudio investiga el impacto de Sistemas Operativos en el desarrollo tecnológico actual y sus implicaciones futuras.,Enviado
359,Desafíos actuales en bases de datos,2024-10-24,Resultados de un estudio de caso sobre la aplicación de Bases de Datos para resolver un problema específico de la industria.,Enviado
360,Optimización de procesos mediante desarrollo web full-stack,2023-06-15,"Se analizan los retos de seguridad, privacidad y éticos asociados con la adopción masiva de Desarrollo Web Full-Stack.",Enviado
361,Análisis profundo de teoría de la computación,2024-04-13,Ofrecemos una guía práctica y detallada para la implementacin exitosa de soluciones de Teoría de la Computación en entornos reales.,Enviado
362,Marco de trabajo para teoría de la computación escalable,2025-01-30,"Se analizan los retos de seguridad, privacidad y éticos asociados con la adopción masiva de Teoría de la Computación.",Enviado
363,Estudio comparativo sobre desarrollo web full-stack y big data,2024-12-13,Ofrecemos una guía práctica y detallada para la implementacin exitosa de soluciones de Desarrollo Web Full-Stack en entornos reales.,Enviado
364,El futuro de teoría de la computación: una perspectiva,2024-11-17,Exploramos la sinergia entre Teoría de la Computación y Computación en la Nube para crear soluciones más robustas y potentes.,Enviado
365,Aplicaciones prácticas de big data con visión por computador,2024-09-13,"Se analizan los retos de seguridad, privacidad y éticos asociados con la adopción masiva de Big Data.",Enviado
366,Optimización de procesos mediante inteligencia artificial,2024-06-29,"El presente trabajo detalla una nueva metodología para abordar problemas complejos en Inteligencia Artificial, validada experimentalmente.",Enviado
367,Implementación de procesamiento de lenguaje natural en la industria,2023-10-13,"Se analizan los retos de seguridad, privacidad y éticos asociados con la adopción masiva de Procesamiento de Lenguaje Natural.",Enviado
368,Análisis profundo de inteligencia artificial,2024-01-31,Este artículo explora los fundamentos de Inteligencia Artificial y sus aplicaciones prácticas en diversos sectores.,Enviado
369,Optimización de procesos mediante realidad virtual y aumentada,2023-08-21,Este estudio investiga el impacto de Realidad Virtual y Aumentada en el desarrollo tecnológico actual y sus implicaciones futuras.,Enviado
370,Optimización de procesos mediante ingeniería de software,2023-06-11,"Se analizan los retos de seguridad, privacidad y éticos asociados con la adopción masiva de Ingeniería de Software.",Enviado
371,Implementación de redes de computadores en la industria,2024-03-26,Exploramos la sinergia entre Redes de Computadores y Ingeniería de Software para crear soluciones más robustas y potentes.,Enviado
372,Aplicaciones prácticas de teoría de la computación con realidad virtual y aumentada,2023-09-04,Este artículo explora los fundamentos de Teoría de la Computación y sus aplicaciones prácticas en diversos sectores.,Enviado
373,Marco de trabajo para aprendizaje automático escalable,2024-02-13,Ofrecemos una guía práctica y detallada para la implementacin exitosa de soluciones de Aprendizaje Automático en entornos reales.,Enviado
374,Marco de trabajo para internet de las cosas escalable,2024-05-01,Exploramos la sinergia entre Internet de las Cosas y Ingeniería de Software para crear soluciones más robustas y potentes.,Enviado
375,Implementación de algoritmos y estructuras de datos en la industria,2024-03-22,Exploramos la sinergia entre Algoritmos y Estructuras de Datos y Sistemas Operativos para crear soluciones más robustas y potentes.,Enviado
376,Análisis profundo de teoría de la computación,2023-06-02,"Se analizan los retos de seguridad, privacidad y éticos asociados con la adopción masiva de Teoría de la Computación.",Enviado
377,El futuro de computación gráfica: una perspectiva,2024-12-17,Análisis detallado sobre Computación Gráfica.,Enviado
378,Implementación de aprendizaje automático en la industria,2024-09-21,Este artículo explora los fundamentos de Aprendizaje Automático y sus aplicaciones prácticas en diversos sectores.,Enviado
379,Introducción a desarrollo web full-stack para principiantes,2025-02-15,Exploramos la sinergia entre Desarrollo Web Full-Stack y Blockchain para crear soluciones más robustas y potentes.,Enviado
380,El futuro de realidad virtual y aumentada: una perspectiva,2024-03-10,"El presente trabajo detalla una nueva metodología para abordar problemas complejos en Realidad Virtual y Aumentada, validada experimentalmente.",Enviado
381,Marco de trabajo para inteligencia artificial escalable,2023-07-19,Análisis detallado sobre Inteligencia Artificial.,Enviado
382,Análisis profundo de sistemas operativos,2023-09-12,Exploramos la sinergia entre Sistemas Operativos y Computación en la Nube para crear soluciones más robustas y potentes.,Enviado
383,Desafíos actuales en computación en la nube,2024-02-14,Ofrecemos una guía práctica y detallada para la implementacin exitosa de soluciones de Computación en la Nube en entornos reales.,Enviado
384,Implementación de sistemas operativos en la industria,2025-02-17,Este artículo explora los fundamentos de Sistemas Operativos y sus aplicaciones prácticas en diversos sectores.,Enviado
385,Marco de trabajo para redes de computadores escalable,2024-06-05,Este estudio investiga el impacto de Redes de Computadores en el desarrollo tecnológico actual y sus implicaciones futuras.,Enviado
386,Marco de trabajo para aprendizaje automático escalable,2023-09-15,Exploramos la sinergia entre Aprendizaje Automático y Desarrollo Web Full-Stack para crear soluciones más robustas y potentes.,Enviado
387,Evaluación de rendimiento en big data,2024-12-04,Ofrecemos una guía práctica y detallada para la implementacin exitosa de soluciones de Big Data en entornos reales.,Enviado
388,Nuevas tendencias en redes de computadores,2025-02-25,"Discutimos las ventajas y desventajas de diferentes enfoques en Redes de Computadores y Blockchain, proveyendo una guía comparativa.",Enviado
389,Seguridad en sistemas de desarrollo web full-stack,2025-04-19,Ofrecemos una guía práctica y detallada para la implementacin exitosa de soluciones de Desarrollo Web Full-Stack en entornos reales.,Enviado
390,Investigación sobre blockchain,2023-12-28,Se presenta una revisión exhaustiva de las últimas investigaciones y avances en el campo de Blockchain.,Enviado
391,Evaluación de rendimiento en blockchain,2023-09-15,Este artículo explora los fundamentos de Blockchain y sus aplicaciones prácticas en diversos sectores.,Enviado
392,Optimización de procesos mediante algoritmos y estructuras de datos,2023-08-13,"Se analizan los retos de seguridad, privacidad y éticos asociados con la adopción masiva de Algoritmos y Estructuras de Datos.",Enviado
393,Aplicaciones prácticas de algoritmos y estructuras de datos con realidad virtual y aumentada,2025-03-14,Ofrecemos una guía práctica y detallada para la implementacin exitosa de soluciones de Algoritmos y Estructuras de Datos en entornos reales.,Enviado
394,Desafíos actuales en internet de las cosas,2023-12-18,"Discutimos las ventajas y desventajas de diferentes enfoques en Internet de las Cosas y Big Data, proveyendo una guía comparativa.",Enviado
395,Evaluación de rendimiento en computación en la nube,2025-04-11,Este estudio investiga el impacto de Computación en la Nube en el desarrollo tecnológico actual y sus implicaciones futuras.,Enviado
396,Aplicaciones prácticas de ingeniería de software con computación gráfica,2024-05-06,Se presenta una revisión exhaustiva de las últimas investigaciones y avances en el campo de Ingeniería de Software.,Enviado
397,El futuro de aprendizaje automático: una perspectiva,2023-05-31,Este estudio investiga el impacto de Aprendizaje Automático en el desarrollo tecnológico actual y sus implicaciones futuras.,Enviado
398,Desafíos actuales en visión por computador,2025-02-03,"El presente trabajo detalla una nueva metodología para abordar problemas complejos en Visión por Computador, validada experimentalmente.",Enviado
399,Implementación de aprendizaje automático en la industria,2023-05-13,Resultados de un estudio de caso sobre la aplicación de Aprendizaje Automático para resolver un problema específico de la industria.,Enviado
400,El futuro de aprendizaje automático: una perspectiva,2023-10-29,Se presenta una revisión exhaustiva de las últimas investigaciones y avances en el campo de Aprendizaje Automático.,Enviado
