id_articulo,titulo,fecha_envio,resumen
00019,Implementación de procesamiento de lenguaje natural en la industria,2025-01-28,Ofrecemos una guía práctica y detallada para la implementacin exitosa de soluciones de Procesamiento de Lenguaje Natural en entornos reales.
00020,Aplicaciones prácticas de algoritmos y estructuras de datos con ciberseguridad,2024-04-23,Ofrecemos una guía práctica y detallada para la implementacin exitosa de soluciones de Algoritmos y Estructuras de Datos en entornos reales.
00021,Optimización de procesos mediante sistemas operativos,2023-05-14,Este estudio investiga el impacto de Sistemas Operativos en el desarrollo tecnológico actual y sus implicaciones futuras.
00022,Seguridad en sistemas de realidad virtual y aumentada,2023-04-13,"El presente trabajo detalla una nueva metodología para abordar problemas complejos en Realidad Virtual y Aumentada, validada experimentalmente."
00023,Estudio comparativo sobre algoritmos y estructuras de datos y algoritmos y estructuras de datos,2023-11-01,Se propone un marco de trabajo innovador basado en Algoritmos y Estructuras de Datos para mejorar la eficiencia y reducir costos operativos.
00024,Implementación de computación gráfica en la industria,2024-10-22,Este estudio investiga el impacto de Computación Gráfica en el desarrollo tecnológico actual y sus implicaciones futuras.
00025,Introducción a sistemas operativos para principiantes,2024-11-10,"Discutimos las ventajas y desventajas de diferentes enfoques en Sistemas Operativos y Visión por Computador, proveyendo una guía comparativa."
00026,Seguridad en sistemas de aprendizaje automático,2024-08-25,Este estudio investiga el impacto de Aprendizaje Automático en el desarrollo tecnológico actual y sus implicaciones futuras.
00027,El futuro de teoría de la computación: una perspectiva,2025-03-25,Se propone un marco de trabajo innovador basado en Teoría de la Computación para mejorar la eficiencia y reducir costos operativos.
00028,El futuro de desarrollo web full-stack: una perspectiva,2024-03-03,Este estudio investiga el impacto de Desarrollo Web Full-Stack en el desarrollo tecnológico actual y sus implicaciones futuras.
00029,Evaluación de rendimiento en ciberseguridad,2023-04-14,Exploramos la sinergia entre Ciberseguridad y Ciberseguridad para crear soluciones más robustas y potentes.
00030,Análisis profundo de teoría de la computación,2025-02-16,Se presenta una revisión exhaustiva de las últimas investigaciones y avances en el campo de Teoría de la Computación.
00031,Seguridad en sistemas de ciberseguridad,2024-06-30,Resultados de un estudio de caso sobre la aplicación de Ciberseguridad para resolver un problema específico de la industria.
00032,Desafíos actuales en procesamiento de lenguaje natural,2024-12-14,Exploramos la sinergia entre Procesamiento de Lenguaje Natural y Procesamiento de Lenguaje Natural para crear soluciones más robustas y potentes.
00033,Implementación de visión por computador en la industria,2023-09-23,Se propone un marco de trabajo innovador basado en Visión por Computador para mejorar la eficiencia y reducir costos operativos.
00034,Nuevas tendencias en internet de las cosas,2023-08-15,Se propone un marco de trabajo innovador basado en Internet de las Cosas para mejorar la eficiencia y reducir costos operativos.
00035,Introducción a bases de datos para principiantes,2024-03-10,Ofrecemos una guía práctica y detallada para la implementacin exitosa de soluciones de Bases de Datos en entornos reales.
00036,Análisis profundo de bases de datos,2023-10-21,"Discutimos las ventajas y desventajas de diferentes enfoques en Bases de Datos y Internet de las Cosas, proveyendo una guía comparativa."
00037,Estudio comparativo sobre computación gráfica y computación gráfica,2023-10-07,Se presenta una revisión exhaustiva de las últimas investigaciones y avances en el campo de Computación Gráfica.
00038,El futuro de inteligencia artificial: una perspectiva,2023-12-05,Este artículo explora los fundamentos de Inteligencia Artificial y sus aplicaciones prácticas en diversos sectores.
00039,Nuevas tendencias en algoritmos y estructuras de datos,2025-02-07,Ofrecemos una guía práctica y detallada para la implementacin exitosa de soluciones de Algoritmos y Estructuras de Datos en entornos reales.
00040,Desafíos actuales en blockchain,2024-02-29,Este artículo explora los fundamentos de Blockchain y sus aplicaciones prácticas en diversos sectores.
00041,Implementación de realidad virtual y aumentada en la industria,2024-07-24,"El presente trabajo detalla una nueva metodología para abordar problemas complejos en Realidad Virtual y Aumentada, validada experimentalmente."
00042,Marco de trabajo para redes de computadores escalable,2023-06-04,"El presente trabajo detalla una nueva metodología para abordar problemas complejos en Redes de Computadores, validada experimentalmente."
00043,Estudio comparativo sobre blockchain y inteligencia artificial,2023-08-07,Se presenta una revisión exhaustiva de las últimas investigaciones y avances en el campo de Blockchain.
00044,Nuevas tendencias en internet de las cosas,2024-05-19,Exploramos la sinergia entre Internet de las Cosas y Aprendizaje Automático para crear soluciones más robustas y potentes.
00045,Seguridad en sistemas de computación en la nube,2025-01-31,Se presenta una revisión exhaustiva de las últimas investigaciones y avances en el campo de Computación en la Nube.
00046,Análisis profundo de teoría de la computación,2024-09-03,Ofrecemos una guía práctica y detallada para la implementacin exitosa de soluciones de Teoría de la Computación en entornos reales.
00047,El futuro de desarrollo web full-stack: una perspectiva,2023-07-01,"El presente trabajo detalla una nueva metodología para abordar problemas complejos en Desarrollo Web Full-Stack, validada experimentalmente."
00048,Evaluación de rendimiento en aprendizaje automático,2024-08-05,Resultados de un estudio de caso sobre la aplicación de Aprendizaje Automático para resolver un problema específico de la industria.
00049,Nuevas tendencias en blockchain,2025-01-28,Se presenta una revisión exhaustiva de las últimas investigaciones y avances en el campo de Blockchain.
00050,Introducción a aprendizaje automático para principiantes,2023-09-30,Exploramos la sinergia entre Aprendizaje Automático y Bases de Datos para crear soluciones más robustas y potentes.
00051,Introducción a ingeniería de software para principiantes,2024-08-25,Exploramos la sinergia entre Ingeniería de Software y Ingeniería de Software para crear soluciones más robustas y potentes.
00052,Desafíos actuales en computación en la nube,2024-06-02,Se propone un marco de trabajo innovador basado en Computación en la Nube para mejorar la eficiencia y reducir costos operativos.
00053,El futuro de visión por computador: una perspectiva,2023-09-03,Resultados de un estudio de caso sobre la aplicación de Visión por Computador para resolver un problema específico de la industria.
00054,Desafíos actuales en desarrollo web full-stack,2025-02-14,Exploramos la sinergia entre Desarrollo Web Full-Stack y Sistemas Operativos para crear soluciones más robustas y potentes.
00055,Nuevas tendencias en ingeniería de software,2023-06-30,"Se analizan los retos de seguridad, privacidad y éticos asociados con la adopción masiva de Ingeniería de Software."
00056,Seguridad en sistemas de teoría de la computación,2023-07-14,Resultados de un estudio de caso sobre la aplicación de Teoría de la Computación para resolver un problema específico de la industria.
00057,Análisis profundo de teoría de la computación,2024-02-06,"Discutimos las ventajas y desventajas de diferentes enfoques en Teoría de la Computación y Big Data, proveyendo una guía comparativa."
00058,Marco de trabajo para computación gráfica escalable,2023-05-07,Ofrecemos una guía práctica y detallada para la implementacin exitosa de soluciones de Computación Gráfica en entornos reales.
00059,Desafíos actuales en desarrollo web full-stack,2023-08-06,Este artículo explora los fundamentos de Desarrollo Web Full-Stack y sus aplicaciones prácticas en diversos sectores.
00060,Seguridad en sistemas de redes de computadores,2024-11-21,Este artículo explora los fundamentos de Redes de Computadores y sus aplicaciones prácticas en diversos sectores.
00061,Desafíos actuales en blockchain,2023-08-10,Se propone un marco de trabajo innovador basado en Blockchain para mejorar la eficiencia y reducir costos operativos.
00062,Marco de trabajo para teoría de la computación escalable,2023-08-03,Se presenta una revisión exhaustiva de las últimas investigaciones y avances en el campo de Teoría de la Computación.
00063,Análisis profundo de procesamiento de lenguaje natural,2023-07-22,Este estudio investiga el impacto de Procesamiento de Lenguaje Natural en el desarrollo tecnológico actual y sus implicaciones futuras.
00064,Estudio comparativo sobre realidad virtual y aumentada y computación en la nube,2023-07-18,Se presenta una revisión exhaustiva de las últimas investigaciones y avances en el campo de Realidad Virtual y Aumentada.
00065,El futuro de visión por computador: una perspectiva,2023-05-22,Exploramos la sinergia entre Visión por Computador y Realidad Virtual y Aumentada para crear soluciones más robustas y potentes.
00066,El futuro de desarrollo web full-stack: una perspectiva,2024-07-24,Exploramos la sinergia entre Desarrollo Web Full-Stack y Big Data para crear soluciones más robustas y potentes.
00067,Aplicaciones prácticas de computación en la nube con computación en la nube,2023-07-13,Este estudio investiga el impacto de Computación en la Nube en el desarrollo tecnológico actual y sus implicaciones futuras.
00068,Análisis profundo de computación en la nube,2025-01-21,Se presenta una revisión exhaustiva de las últimas investigaciones y avances en el campo de Computación en la Nube.
00069,Implementación de computación en la nube en la industria,2024-06-19,"Discutimos las ventajas y desventajas de diferentes enfoques en Computación en la Nube y Computación en la Nube, proveyendo una guía comparativa."
00070,Análisis profundo de bases de datos,2025-03-14,Ofrecemos una guía práctica y detallada para la implementacin exitosa de soluciones de Bases de Datos en entornos reales.
00071,Introducción a redes de computadores para principiantes,2024-02-29,Resultados de un estudio de caso sobre la aplicación de Redes de Computadores para resolver un problema específico de la industria.
00072,Marco de trabajo para blockchain escalable,2023-09-13,Resultados de un estudio de caso sobre la aplicación de Blockchain para resolver un problema específico de la industria.
00073,Evaluación de rendimiento en big data,2024-02-08,Ofrecemos una guía práctica y detallada para la implementacin exitosa de soluciones de Big Data en entornos reales.
00074,Seguridad en sistemas de teoría de la computación,2025-03-09,"El presente trabajo detalla una nueva metodología para abordar problemas complejos en Teoría de la Computación, validada experimentalmente."
00075,Optimización de procesos mediante ingeniería de software,2024-09-06,"Discutimos las ventajas y desventajas de diferentes enfoques en Ingeniería de Software y Ingeniería de Software, proveyendo una guía comparativa."
00076,Aplicaciones prácticas de sistemas operativos con bases de datos,2023-06-02,"Se analizan los retos de seguridad, privacidad y éticos asociados con la adopción masiva de Sistemas Operativos."
00077,El futuro de visión por computador: una perspectiva,2023-11-05,Ofrecemos una guía práctica y detallada para la implementacin exitosa de soluciones de Visión por Computador en entornos reales.
00078,Optimización de procesos mediante ingeniería de software,2024-09-16,Este estudio investiga el impacto de Ingeniería de Software en el desarrollo tecnológico actual y sus implicaciones futuras.
00079,Análisis profundo de redes de computadores,2024-06-08,Se presenta una revisión exhaustiva de las últimas investigaciones y avances en el campo de Redes de Computadores.
00080,Evaluación de rendimiento en bases de datos,2023-06-12,"El presente trabajo detalla una nueva metodología para abordar problemas complejos en Bases de Datos, validada experimentalmente."
00081,Estudio comparativo sobre procesamiento de lenguaje natural y teoría de la computación,2024-07-17,Resultados de un estudio de caso sobre la aplicación de Procesamiento de Lenguaje Natural para resolver un problema específico de la industria.
00082,Optimización de procesos mediante visión por computador,2023-05-09,Se propone un marco de trabajo innovador basado en Visión por Computador para mejorar la eficiencia y reducir costos operativos.
00083,Análisis profundo de desarrollo web full-stack,2024-02-20,Este artículo explora los fundamentos de Desarrollo Web Full-Stack y sus aplicaciones prácticas en diversos sectores.
00084,Nuevas tendencias en realidad virtual y aumentada,2024-04-18,"Se analizan los retos de seguridad, privacidad y éticos asociados con la adopción masiva de Realidad Virtual y Aumentada."
00085,Análisis profundo de big data,2023-11-04,"El presente trabajo detalla una nueva metodología para abordar problemas complejos en Big Data, validada experimentalmente."
00086,Implementación de ciberseguridad en la industria,2023-04-18,Se presenta una revisión exhaustiva de las últimas investigaciones y avances en el campo de Ciberseguridad.
00087,El futuro de aprendizaje automático: una perspectiva,2025-04-05,Este estudio investiga el impacto de Aprendizaje Automático en el desarrollo tecnológico actual y sus implicaciones futuras.
00088,Estudio comparativo sobre realidad virtual y aumentada y internet de las cosas,2023-07-01,Ofrecemos una guía práctica y detallada para la implementacin exitosa de soluciones de Realidad Virtual y Aumentada en entornos reales.
00089,Estudio comparativo sobre redes de computadores y computación gráfica,2024-05-17,Este artículo explora los fundamentos de Redes de Computadores y sus aplicaciones prácticas en diversos sectores.
00090,Estudio comparativo sobre inteligencia artificial y big data,2024-05-04,Exploramos la sinergia entre Inteligencia Artificial y Big Data para crear soluciones más robustas y potentes.
00091,Marco de trabajo para blockchain escalable,2024-10-17,Este estudio investiga el impacto de Blockchain en el desarrollo tecnológico actual y sus implicaciones futuras.
00092,Análisis profundo de computación en la nube,2024-05-14,Este artículo explora los fundamentos de Computación en la Nube y sus aplicaciones prácticas en diversos sectores.
00093,Marco de trabajo para bases de datos escalable,2024-09-04,Exploramos la sinergia entre Bases de Datos y Ciberseguridad para crear soluciones más robustas y potentes.
00094,Marco de trabajo para ingeniería de software escalable,2023-04-19,Este artículo explora los fundamentos de Ingeniería de Software y sus aplicaciones prácticas en diversos sectores.
00095,Desafíos actuales en teoría de la computación,2023-11-27,Resultados de un estudio de caso sobre la aplicación de Teoría de la Computación para resolver un problema específico de la industria.
00096,El futuro de big data: una perspectiva,2023-07-17,Este artículo explora los fundamentos de Big Data y sus aplicaciones prácticas en diversos sectores.
00097,Introducción a big data para principiantes,2023-08-23,Este artículo explora los fundamentos de Big Data y sus aplicaciones prácticas en diversos sectores.
00098,Optimización de procesos mediante computación en la nube,2024-11-25,Se propone un marco de trabajo innovador basado en Computación en la Nube para mejorar la eficiencia y reducir costos operativos.
00099,Optimización de procesos mediante redes de computadores,2025-03-28,Se propone un marco de trabajo innovador basado en Redes de Computadores para mejorar la eficiencia y reducir costos operativos.
00100,Implementación de desarrollo web full-stack en la industria,2025-04-03,"El presente trabajo detalla una nueva metodología para abordar problemas complejos en Desarrollo Web Full-Stack, validada experimentalmente."
00101,Estudio comparativo sobre ciberseguridad y teoría de la computación,2023-08-11,Exploramos la sinergia entre Ciberseguridad y Teoría de la Computación para crear soluciones más robustas y potentes.
00102,Nuevas tendencias en ciberseguridad,2024-07-07,"Se analizan los retos de seguridad, privacidad y éticos asociados con la adopción masiva de Ciberseguridad."
00103,Introducción a aprendizaje automático para principiantes,2024-02-26,"Discutimos las ventajas y desventajas de diferentes enfoques en Aprendizaje Automático y Algoritmos y Estructuras de Datos, proveyendo una guía comparativa."
00104,Análisis profundo de procesamiento de lenguaje natural,2023-11-18,"El presente trabajo detalla una nueva metodología para abordar problemas complejos en Procesamiento de Lenguaje Natural, validada experimentalmente."
00105,Nuevas tendencias en aprendizaje automático,2023-10-08,Este artículo explora los fundamentos de Aprendizaje Automático y sus aplicaciones prácticas en diversos sectores.
00106,Nuevas tendencias en teoría de la computación,2024-10-25,Este artículo explora los fundamentos de Teoría de la Computación y sus aplicaciones prácticas en diversos sectores.
00107,Nuevas tendencias en desarrollo web full-stack,2023-11-24,Se propone un marco de trabajo innovador basado en Desarrollo Web Full-Stack para mejorar la eficiencia y reducir costos operativos.
00108,Aplicaciones prácticas de computación en la nube con ciberseguridad,2023-05-14,Exploramos la sinergia entre Computación en la Nube y Ciberseguridad para crear soluciones más robustas y potentes.
00109,El futuro de aprendizaje automático: una perspectiva,2024-02-15,"Se analizan los retos de seguridad, privacidad y éticos asociados con la adopción masiva de Aprendizaje Automático."
00110,Nuevas tendencias en internet de las cosas,2024-06-25,Ofrecemos una guía práctica y detallada para la implementacin exitosa de soluciones de Internet de las Cosas en entornos reales.
00111,Evaluación de rendimiento en internet de las cosas,2024-11-07,Ofrecemos una guía práctica y detallada para la implementacin exitosa de soluciones de Internet de las Cosas en entornos reales.
00112,Aplicaciones prácticas de computación gráfica con realidad virtual y aumentada,2023-08-21,Este artículo explora los fundamentos de Computación Gráfica y sus aplicaciones prácticas en diversos sectores.
00113,Nuevas tendencias en procesamiento de lenguaje natural,2024-04-07,"El presente trabajo detalla una nueva metodología para abordar problemas complejos en Procesamiento de Lenguaje Natural, validada experimentalmente."
00114,Implementación de procesamiento de lenguaje natural en la industria,2024-04-29,"Discutimos las ventajas y desventajas de diferentes enfoques en Procesamiento de Lenguaje Natural y Desarrollo Web Full-Stack, proveyendo una guía comparativa."
00115,Aplicaciones prácticas de visión por computador con ciberseguridad,2023-09-23,Se propone un marco de trabajo innovador basado en Visión por Computador para mejorar la eficiencia y reducir costos operativos.
00116,El futuro de sistemas operativos: una perspectiva,2024-07-02,Resultados de un estudio de caso sobre la aplicación de Sistemas Operativos para resolver un problema específico de la industria.
00117,Marco de trabajo para big data escalable,2023-05-29,Se presenta una revisión exhaustiva de las últimas investigaciones y avances en el campo de Big Data.
00118,Estudio comparativo sobre internet de las cosas y internet de las cosas,2024-08-21,Este estudio investiga el impacto de Internet de las Cosas en el desarrollo tecnológico actual y sus implicaciones futuras.
00119,Análisis profundo de bases de datos,2024-10-02,Este estudio investiga el impacto de Bases de Datos en el desarrollo tecnológico actual y sus implicaciones futuras.
00120,Marco de trabajo para big data escalable,2023-11-04,Este artículo explora los fundamentos de Big Data y sus aplicaciones prácticas en diversos sectores.
00121,Introducción a teoría de la computación para principiantes,2024-12-01,"Discutimos las ventajas y desventajas de diferentes enfoques en Teoría de la Computación y Big Data, proveyendo una guía comparativa."
00122,Estudio comparativo sobre teoría de la computación y teoría de la computación,2023-08-07,Este estudio investiga el impacto de Teoría de la Computación en el desarrollo tecnológico actual y sus implicaciones futuras.
00123,Marco de trabajo para teoría de la computación escalable,2023-11-29,Ofrecemos una guía práctica y detallada para la implementacin exitosa de soluciones de Teoría de la Computación en entornos reales.
00124,Seguridad en sistemas de aprendizaje automático,2024-12-20,"Discutimos las ventajas y desventajas de diferentes enfoques en Aprendizaje Automático y Internet de las Cosas, proveyendo una guía comparativa."
00125,Optimización de procesos mediante sistemas operativos,2025-01-21,Se propone un marco de trabajo innovador basado en Sistemas Operativos para mejorar la eficiencia y reducir costos operativos.
00126,Seguridad en sistemas de computación gráfica,2024-01-03,Se presenta una revisión exhaustiva de las últimas investigaciones y avances en el campo de Computación Gráfica.
00127,Introducción a computación gráfica para principiantes,2023-10-07,Este artículo explora los fundamentos de Computación Gráfica y sus aplicaciones prácticas en diversos sectores.
00128,Desafíos actuales en procesamiento de lenguaje natural,2023-11-17,Este artículo explora los fundamentos de Procesamiento de Lenguaje Natural y sus aplicaciones prácticas en diversos sectores.
00129,Evaluación de rendimiento en internet de las cosas,2024-04-21,"Se analizan los retos de seguridad, privacidad y éticos asociados con la adopción masiva de Internet de las Cosas."
00130,Estudio comparativo sobre teoría de la computación y teoría de la computación,2023-11-29,Resultados de un estudio de caso sobre la aplicación de Teoría de la Computación para resolver un problema específico de la industria.
00131,Introducción a computación gráfica para principiantes,2024-02-21,Se presenta una revisión exhaustiva de las últimas investigaciones y avances en el campo de Computación Gráfica.
00132,Desafíos actuales en aprendizaje automático,2024-02-12,Este estudio investiga el impacto de Aprendizaje Automático en el desarrollo tecnológico actual y sus implicaciones futuras.
00133,Nuevas tendencias en desarrollo web full-stack,2024-12-21,Se presenta una revisión exhaustiva de las últimas investigaciones y avances en el campo de Desarrollo Web Full-Stack.
00134,Evaluación de rendimiento en visión por computador,2024-03-04,Se presenta una revisión exhaustiva de las últimas investigaciones y avances en el campo de Visión por Computador.
00135,Aplicaciones prácticas de algoritmos y estructuras de datos con algoritmos y estructuras de datos,2023-05-26,Exploramos la sinergia entre Algoritmos y Estructuras de Datos y Algoritmos y Estructuras de Datos para crear soluciones más robustas y potentes.
00136,Análisis profundo de desarrollo web full-stack,2024-10-25,Se propone un marco de trabajo innovador basado en Desarrollo Web Full-Stack para mejorar la eficiencia y reducir costos operativos.
00137,El futuro de big data: una perspectiva,2024-07-05,Se presenta una revisión exhaustiva de las últimas investigaciones y avances en el campo de Big Data.
00138,Desafíos actuales en desarrollo web full-stack,2023-10-07,Este artículo explora los fundamentos de Desarrollo Web Full-Stack y sus aplicaciones prácticas en diversos sectores.
00139,Nuevas tendencias en blockchain,2024-01-15,"Se analizan los retos de seguridad, privacidad y éticos asociados con la adopción masiva de Blockchain."
00140,Nuevas tendencias en redes de computadores,2024-11-30,Este estudio investiga el impacto de Redes de Computadores en el desarrollo tecnológico actual y sus implicaciones futuras.
00141,Aplicaciones prácticas de computación gráfica con teoría de la computación,2023-05-28,"El presente trabajo detalla una nueva metodología para abordar problemas complejos en Computación Gráfica, validada experimentalmente."
00142,Seguridad en sistemas de desarrollo web full-stack,2024-11-04,"Se analizan los retos de seguridad, privacidad y éticos asociados con la adopción masiva de Desarrollo Web Full-Stack."
00143,Marco de trabajo para computación en la nube escalable,2024-07-02,Ofrecemos una guía práctica y detallada para la implementacin exitosa de soluciones de Computación en la Nube en entornos reales.
00144,Evaluación de rendimiento en visión por computador,2023-12-21,Este artículo explora los fundamentos de Visión por Computador y sus aplicaciones prácticas en diversos sectores.
00145,Seguridad en sistemas de big data,2023-05-22,Resultados de un estudio de caso sobre la aplicación de Big Data para resolver un problema específico de la industria.
00146,Seguridad en sistemas de algoritmos y estructuras de datos,2024-02-06,"El presente trabajo detalla una nueva metodología para abordar problemas complejos en Algoritmos y Estructuras de Datos, validada experimentalmente."
00147,Estudio comparativo sobre ingeniería de software y ciberseguridad,2023-05-02,"Discutimos las ventajas y desventajas de diferentes enfoques en Ingeniería de Software y Ciberseguridad, proveyendo una guía comparativa."
00148,Estudio comparativo sobre desarrollo web full-stack y ciberseguridad,2024-04-17,Ofrecemos una guía práctica y detallada para la implementacin exitosa de soluciones de Desarrollo Web Full-Stack en entornos reales.
00149,Nuevas tendencias en teoría de la computación,2025-02-18,"El presente trabajo detalla una nueva metodología para abordar problemas complejos en Teoría de la Computación, validada experimentalmente."
00150,Marco de trabajo para desarrollo web full-stack escalable,2024-05-01,Exploramos la sinergia entre Desarrollo Web Full-Stack y Inteligencia Artificial para crear soluciones más robustas y potentes.
00151,Estudio comparativo sobre inteligencia artificial y teoría de la computación,2024-09-05,Este artículo explora los fundamentos de Inteligencia Artificial y sus aplicaciones prácticas en diversos sectores.
00152,Introducción a aprendizaje automático para principiantes,2024-01-10,Este artículo explora los fundamentos de Aprendizaje Automático y sus aplicaciones prácticas en diversos sectores.
00153,Análisis profundo de inteligencia artificial,2024-12-03,Este artículo explora los fundamentos de Inteligencia Artificial y sus aplicaciones prácticas en diversos sectores.
00154,Marco de trabajo para computación en la nube escalable,2024-05-25,Se presenta una revisión exhaustiva de las últimas investigaciones y avances en el campo de Computación en la Nube.
00155,Análisis profundo de big data,2024-05-04,Este estudio investiga el impacto de Big Data en el desarrollo tecnológico actual y sus implicaciones futuras.
00156,Estudio comparativo sobre ciberseguridad y ciberseguridad,2023-12-10,Resultados de un estudio de caso sobre la aplicación de Ciberseguridad para resolver un problema específico de la industria.
00157,Aplicaciones prácticas de big data con big data,2023-10-20,Exploramos la sinergia entre Big Data y Big Data para crear soluciones más robustas y potentes.
00158,Evaluación de rendimiento en ingeniería de software,2024-06-13,Este estudio investiga el impacto de Ingeniería de Software en el desarrollo tecnológico actual y sus implicaciones futuras.
00159,Implementación de ciberseguridad en la industria,2023-11-28,"Discutimos las ventajas y desventajas de diferentes enfoques en Ciberseguridad y Blockchain, proveyendo una guía comparativa."
00160,Evaluación de rendimiento en ingeniería de software,2025-04-10,"Discutimos las ventajas y desventajas de diferentes enfoques en Ingeniería de Software y Ingeniería de Software, proveyendo una guía comparativa."
00161,El futuro de computación gráfica: una perspectiva,2023-07-04,Exploramos la sinergia entre Computación Gráfica y Teoría de la Computación para crear soluciones más robustas y potentes.
00162,Análisis profundo de internet de las cosas,2024-08-18,Se propone un marco de trabajo innovador basado en Internet de las Cosas para mejorar la eficiencia y reducir costos operativos.
00163,Evaluación de rendimiento en teoría de la computación,2023-06-01,Se presenta una revisión exhaustiva de las últimas investigaciones y avances en el campo de Teoría de la Computación.
00164,Desafíos actuales en big data,2024-05-11,Este artículo explora los fundamentos de Big Data y sus aplicaciones prácticas en diversos sectores.
00165,Aplicaciones prácticas de computación gráfica con computación gráfica,2024-09-07,Se presenta una revisión exhaustiva de las últimas investigaciones y avances en el campo de Computación Gráfica.
00166,Desafíos actuales en aprendizaje automático,2023-04-23,"Discutimos las ventajas y desventajas de diferentes enfoques en Aprendizaje Automático y Aprendizaje Automático, proveyendo una guía comparativa."
00167,Análisis profundo de sistemas operativos,2024-12-24,Exploramos la sinergia entre Sistemas Operativos y Sistemas Operativos para crear soluciones más robustas y potentes.
00168,Evaluación de rendimiento en algoritmos y estructuras de datos,2024-04-21,"El presente trabajo detalla una nueva metodología para abordar problemas complejos en Algoritmos y Estructuras de Datos, validada experimentalmente."
00169,Análisis profundo de realidad virtual y aumentada,2024-09-24,"Se analizan los retos de seguridad, privacidad y éticos asociados con la adopción masiva de Realidad Virtual y Aumentada."
00170,Introducción a sistemas operativos para principiantes,2025-02-19,Se propone un marco de trabajo innovador basado en Sistemas Operativos para mejorar la eficiencia y reducir costos operativos.
00171,Estudio comparativo sobre ciberseguridad y inteligencia artificial,2024-10-13,Ofrecemos una guía práctica y detallada para la implementacin exitosa de soluciones de Ciberseguridad en entornos reales.
00172,Desafíos actuales en redes de computadores,2023-05-12,Este artículo explora los fundamentos de Redes de Computadores y sus aplicaciones prácticas en diversos sectores.
00173,Estudio comparativo sobre big data y blockchain,2023-12-16,Este estudio investiga el impacto de Big Data en el desarrollo tecnológico actual y sus implicaciones futuras.
00174,Desafíos actuales en sistemas operativos,2023-11-25,Se presenta una revisión exhaustiva de las últimas investigaciones y avances en el campo de Sistemas Operativos.
00175,Introducción a algoritmos y estructuras de datos para principiantes,2023-07-04,Este artículo explora los fundamentos de Algoritmos y Estructuras de Datos y sus aplicaciones prácticas en diversos sectores.
00176,Nuevas tendencias en realidad virtual y aumentada,2023-08-18,"Se analizan los retos de seguridad, privacidad y éticos asociados con la adopción masiva de Realidad Virtual y Aumentada."
00177,Marco de trabajo para computación gráfica escalable,2024-11-20,"El presente trabajo detalla una nueva metodología para abordar problemas complejos en Computación Gráfica, validada experimentalmente."
00178,Análisis profundo de sistemas operativos,2024-07-09,Exploramos la sinergia entre Sistemas Operativos y Sistemas Operativos para crear soluciones más robustas y potentes.
00179,Evaluación de rendimiento en teoría de la computación,2023-10-28,"Se analizan los retos de seguridad, privacidad y éticos asociados con la adopción masiva de Teoría de la Computación."
00180,El futuro de inteligencia artificial: una perspectiva,2023-08-05,"Discutimos las ventajas y desventajas de diferentes enfoques en Inteligencia Artificial y Computación Gráfica, proveyendo una guía comparativa."
00181,Implementación de big data en la industria,2023-07-18,Se propone un marco de trabajo innovador basado en Big Data para mejorar la eficiencia y reducir costos operativos.
00182,Introducción a procesamiento de lenguaje natural para principiantes,2024-06-25,Este estudio investiga el impacto de Procesamiento de Lenguaje Natural en el desarrollo tecnológico actual y sus implicaciones futuras.
00183,Análisis profundo de redes de computadores,2024-11-21,"Se analizan los retos de seguridad, privacidad y éticos asociados con la adopción masiva de Redes de Computadores."
00184,Evaluación de rendimiento en ingeniería de software,2024-01-26,Este estudio investiga el impacto de Ingeniería de Software en el desarrollo tecnológico actual y sus implicaciones futuras.
00185,Desafíos actuales en realidad virtual y aumentada,2025-02-15,"Se analizan los retos de seguridad, privacidad y éticos asociados con la adopción masiva de Realidad Virtual y Aumentada."
00186,Aplicaciones prácticas de visión por computador con ingeniería de software,2023-10-17,"Se analizan los retos de seguridad, privacidad y éticos asociados con la adopción masiva de Visión por Computador."
00187,Estudio comparativo sobre big data y algoritmos y estructuras de datos,2023-05-13,Este estudio investiga el impacto de Big Data en el desarrollo tecnológico actual y sus implicaciones futuras.
00188,Introducción a desarrollo web full-stack para principiantes,2023-10-08,Se presenta una revisión exhaustiva de las últimas investigaciones y avances en el campo de Desarrollo Web Full-Stack.
00189,Desafíos actuales en visión por computador,2025-04-06,Se propone un marco de trabajo innovador basado en Visión por Computador para mejorar la eficiencia y reducir costos operativos.
00190,Análisis profundo de blockchain,2023-04-30,Resultados de un estudio de caso sobre la aplicación de Blockchain para resolver un problema específico de la industria.
00191,Aplicaciones prácticas de redes de computadores con redes de computadores,2025-03-27,"El presente trabajo detalla una nueva metodología para abordar problemas complejos en Redes de Computadores, validada experimentalmente."
00192,Aplicaciones prácticas de computación en la nube con computación en la nube,2025-02-15,"Discutimos las ventajas y desventajas de diferentes enfoques en Computación en la Nube y Computación en la Nube, proveyendo una guía comparativa."
00193,Seguridad en sistemas de algoritmos y estructuras de datos,2024-03-28,"Se analizan los retos de seguridad, privacidad y éticos asociados con la adopción masiva de Algoritmos y Estructuras de Datos."
00194,Implementación de internet de las cosas en la industria,2023-09-07,Este artículo explora los fundamentos de Internet de las Cosas y sus aplicaciones prácticas en diversos sectores.
00195,Implementación de realidad virtual y aumentada en la industria,2025-02-06,"Se analizan los retos de seguridad, privacidad y éticos asociados con la adopción masiva de Realidad Virtual y Aumentada."
00196,Implementación de algoritmos y estructuras de datos en la industria,2025-03-21,Ofrecemos una guía práctica y detallada para la implementacin exitosa de soluciones de Algoritmos y Estructuras de Datos en entornos reales.
00197,Seguridad en sistemas de aprendizaje automático,2024-02-06,Ofrecemos una guía práctica y detallada para la implementacin exitosa de soluciones de Aprendizaje Automático en entornos reales.
00198,Implementación de computación en la nube en la industria,2024-11-26,"Discutimos las ventajas y desventajas de diferentes enfoques en Computación en la Nube y Sistemas Operativos, proveyendo una guía comparativa."
00199,Introducción a computación en la nube para principiantes,2023-12-13,"El presente trabajo detalla una nueva metodología para abordar problemas complejos en Computación en la Nube, validada experimentalmente."
00200,Optimización de procesos mediante visión por computador,2023-09-23,"Discutimos las ventajas y desventajas de diferentes enfoques en Visión por Computador y Visión por Computador, proveyendo una guía comparativa."
00201,Nuevas tendencias en procesamiento de lenguaje natural,2023-05-05,Ofrecemos una guía práctica y detallada para la implementacin exitosa de soluciones de Procesamiento de Lenguaje Natural en entornos reales.
00202,Análisis profundo de teoría de la computación,2024-06-12,"Se analizan los retos de seguridad, privacidad y éticos asociados con la adopción masiva de Teoría de la Computación."
00203,Análisis profundo de desarrollo web full-stack,2025-01-07,Este artículo explora los fundamentos de Desarrollo Web Full-Stack y sus aplicaciones prácticas en diversos sectores.
00204,Aplicaciones prácticas de redes de computadores con redes de computadores,2023-09-09,"Discutimos las ventajas y desventajas de diferentes enfoques en Redes de Computadores y Redes de Computadores, proveyendo una guía comparativa."
00205,Estudio comparativo sobre computación en la nube y computación en la nube,2024-11-15,Ofrecemos una guía práctica y detallada para la implementacin exitosa de soluciones de Computación en la Nube en entornos reales.
00206,Seguridad en sistemas de ciberseguridad,2023-06-20,Exploramos la sinergia entre Ciberseguridad y Visión por Computador para crear soluciones más robustas y potentes.
00207,Seguridad en sistemas de teoría de la computación,2025-01-02,"El presente trabajo detalla una nueva metodología para abordar problemas complejos en Teoría de la Computación, validada experimentalmente."
00208,Aplicaciones prácticas de big data con big data,2023-11-27,Se propone un marco de trabajo innovador basado en Big Data para mejorar la eficiencia y reducir costos operativos.
00209,Análisis profundo de computación en la nube,2024-11-30,Resultados de un estudio de caso sobre la aplicación de Computación en la Nube para resolver un problema específico de la industria.
00210,Aplicaciones prácticas de computación en la nube con procesamiento de lenguaje natural,2023-05-18,"El presente trabajo detalla una nueva metodología para abordar problemas complejos en Computación en la Nube, validada experimentalmente."
00211,Análisis profundo de algoritmos y estructuras de datos,2023-07-30,"Discutimos las ventajas y desventajas de diferentes enfoques en Algoritmos y Estructuras de Datos y Algoritmos y Estructuras de Datos, proveyendo una guía comparativa."
00212,Introducción a teoría de la computación para principiantes,2024-01-04,Exploramos la sinergia entre Teoría de la Computación y Teoría de la Computación para crear soluciones más robustas y potentes.
00213,El futuro de computación en la nube: una perspectiva,2024-08-11,"Se analizan los retos de seguridad, privacidad y éticos asociados con la adopción masiva de Computación en la Nube."
00214,Introducción a ciberseguridad para principiantes,2024-04-16,"El presente trabajo detalla una nueva metodología para abordar problemas complejos en Ciberseguridad, validada experimentalmente."
00215,Nuevas tendencias en algoritmos y estructuras de datos,2023-10-05,Este artículo explora los fundamentos de Algoritmos y Estructuras de Datos y sus aplicaciones prácticas en diversos sectores.
00216,Desafíos actuales en big data,2024-04-14,Este artículo explora los fundamentos de Big Data y sus aplicaciones prácticas en diversos sectores.
00217,Aplicaciones prácticas de ingeniería de software con blockchain,2024-06-14,Se presenta una revisión exhaustiva de las últimas investigaciones y avances en el campo de Ingeniería de Software.
00218,Introducción a redes de computadores para principiantes,2025-02-06,Este artículo explora los fundamentos de Redes de Computadores y sus aplicaciones prácticas en diversos sectores.
00219,Seguridad en sistemas de big data,2023-04-20,Exploramos la sinergia entre Big Data y Bases de Datos para crear soluciones más robustas y potentes.
00220,Seguridad en sistemas de blockchain,2023-06-02,Ofrecemos una guía práctica y detallada para la implementacin exitosa de soluciones de Blockchain en entornos reales.
00221,Estudio comparativo sobre redes de computadores y redes de computadores,2024-09-20,Ofrecemos una guía práctica y detallada para la implementacin exitosa de soluciones de Redes de Computadores en entornos reales.
00222,Marco de trabajo para blockchain escalable,2024-03-20,Se propone un marco de trabajo innovador basado en Blockchain para mejorar la eficiencia y reducir costos operativos.
00223,Aplicaciones prácticas de algoritmos y estructuras de datos con desarrollo web full-stack,2024-06-22,Ofrecemos una guía práctica y detallada para la implementacin exitosa de soluciones de Algoritmos y Estructuras de Datos en entornos reales.
00224,Análisis profundo de ciberseguridad,2023-06-26,Se presenta una revisión exhaustiva de las últimas investigaciones y avances en el campo de Ciberseguridad.
00225,Implementación de ciberseguridad en la industria,2023-04-12,Exploramos la sinergia entre Ciberseguridad y Computación en la Nube para crear soluciones más robustas y potentes.
00226,Estudio comparativo sobre inteligencia artificial y procesamiento de lenguaje natural,2025-04-07,"El presente trabajo detalla una nueva metodología para abordar problemas complejos en Inteligencia Artificial, validada experimentalmente."
00227,Aplicaciones prácticas de aprendizaje automático con algoritmos y estructuras de datos,2024-08-16,"Discutimos las ventajas y desventajas de diferentes enfoques en Aprendizaje Automático y Algoritmos y Estructuras de Datos, proveyendo una guía comparativa."
00228,Marco de trabajo para ingeniería de software escalable,2023-10-12,Este artículo explora los fundamentos de Ingeniería de Software y sus aplicaciones prácticas en diversos sectores.
00229,Implementación de desarrollo web full-stack en la industria,2024-11-11,"El presente trabajo detalla una nueva metodología para abordar problemas complejos en Desarrollo Web Full-Stack, validada experimentalmente."
00230,Estudio comparativo sobre teoría de la computación y algoritmos y estructuras de datos,2024-03-08,Este estudio investiga el impacto de Teoría de la Computación en el desarrollo tecnológico actual y sus implicaciones futuras.
00231,Seguridad en sistemas de sistemas operativos,2024-05-21,Este artículo explora los fundamentos de Sistemas Operativos y sus aplicaciones prácticas en diversos sectores.
00232,Estudio comparativo sobre blockchain y big data,2024-10-15,Exploramos la sinergia entre Blockchain y Big Data para crear soluciones más robustas y potentes.
00233,Aplicaciones prácticas de teoría de la computación con teoría de la computación,2024-10-10,Ofrecemos una guía práctica y detallada para la implementacin exitosa de soluciones de Teoría de la Computación en entornos reales.
00234,Aplicaciones prácticas de ingeniería de software con ingeniería de software,2024-03-04,"El presente trabajo detalla una nueva metodología para abordar problemas complejos en Ingeniería de Software, validada experimentalmente."
00235,Implementación de computación en la nube en la industria,2023-11-25,"Se analizan los retos de seguridad, privacidad y éticos asociados con la adopción masiva de Computación en la Nube."
00236,Desafíos actuales en computación gráfica,2023-05-16,"Se analizan los retos de seguridad, privacidad y éticos asociados con la adopción masiva de Computación Gráfica."
00237,Marco de trabajo para computación en la nube escalable,2024-03-08,"Se analizan los retos de seguridad, privacidad y éticos asociados con la adopción masiva de Computación en la Nube."
00238,Desafíos actuales en bases de datos,2024-03-11,"El presente trabajo detalla una nueva metodología para abordar problemas complejos en Bases de Datos, validada experimentalmente."
00239,Estudio comparativo sobre algoritmos y estructuras de datos y visión por computador,2023-09-23,Ofrecemos una guía práctica y detallada para la implementacin exitosa de soluciones de Algoritmos y Estructuras de Datos en entornos reales.
00240,Análisis profundo de ciberseguridad,2025-03-15,"Se analizan los retos de seguridad, privacidad y éticos asociados con la adopción masiva de Ciberseguridad."
00241,Estudio comparativo sobre big data y ciberseguridad,2024-06-24,Ofrecemos una guía práctica y detallada para la implementacin exitosa de soluciones de Big Data en entornos reales.
00242,Seguridad en sistemas de blockchain,2024-03-20,Este estudio investiga el impacto de Blockchain en el desarrollo tecnológico actual y sus implicaciones futuras.
00243,Optimización de procesos mediante algoritmos y estructuras de datos,2024-06-25,Exploramos la sinergia entre Algoritmos y Estructuras de Datos y Algoritmos y Estructuras de Datos para crear soluciones más robustas y potentes.
00244,Estudio comparativo sobre realidad virtual y aumentada y aprendizaje automático,2023-04-19,Este estudio investiga el impacto de Realidad Virtual y Aumentada en el desarrollo tecnológico actual y sus implicaciones futuras.
00245,Nuevas tendencias en desarrollo web full-stack,2023-09-21,Resultados de un estudio de caso sobre la aplicación de Desarrollo Web Full-Stack para resolver un problema específico de la industria.
00246,Análisis profundo de aprendizaje automático,2023-08-17,Se presenta una revisión exhaustiva de las últimas investigaciones y avances en el campo de Aprendizaje Automático.
00247,Seguridad en sistemas de aprendizaje automático,2025-02-19,Exploramos la sinergia entre Aprendizaje Automático y Inteligencia Artificial para crear soluciones más robustas y potentes.
00248,El futuro de desarrollo web full-stack: una perspectiva,2023-12-20,Se presenta una revisión exhaustiva de las últimas investigaciones y avances en el campo de Desarrollo Web Full-Stack.
00249,Análisis profundo de ciberseguridad,2024-06-25,Ofrecemos una guía práctica y detallada para la implementacin exitosa de soluciones de Ciberseguridad en entornos reales.
00250,Desafíos actuales en procesamiento de lenguaje natural,2024-08-01,"El presente trabajo detalla una nueva metodología para abordar problemas complejos en Procesamiento de Lenguaje Natural, validada experimentalmente."
00251,Introducción a ciberseguridad para principiantes,2023-08-02,Este estudio investiga el impacto de Ciberseguridad en el desarrollo tecnológico actual y sus implicaciones futuras.
00252,Evaluación de rendimiento en inteligencia artificial,2023-05-17,"El presente trabajo detalla una nueva metodología para abordar problemas complejos en Inteligencia Artificial, validada experimentalmente."
00253,Implementación de ciberseguridad en la industria,2024-10-08,Se presenta una revisión exhaustiva de las últimas investigaciones y avances en el campo de Ciberseguridad.
00254,Marco de trabajo para computación en la nube escalable,2023-05-31,Se propone un marco de trabajo innovador basado en Computación en la Nube para mejorar la eficiencia y reducir costos operativos.
00255,Aplicaciones prácticas de sistemas operativos con procesamiento de lenguaje natural,2023-10-17,Se presenta una revisión exhaustiva de las últimas investigaciones y avances en el campo de Sistemas Operativos.
00256,Desafíos actuales en procesamiento de lenguaje natural,2024-05-20,Este artículo explora los fundamentos de Procesamiento de Lenguaje Natural y sus aplicaciones prácticas en diversos sectores.
00257,Desafíos actuales en internet de las cosas,2025-01-14,Este estudio investiga el impacto de Internet de las Cosas en el desarrollo tecnológico actual y sus implicaciones futuras.
00258,Marco de trabajo para aprendizaje automático escalable,2023-05-15,"El presente trabajo detalla una nueva metodología para abordar problemas complejos en Aprendizaje Automático, validada experimentalmente."
00259,Introducción a bases de datos para principiantes,2024-12-29,Resultados de un estudio de caso sobre la aplicación de Bases de Datos para resolver un problema específico de la industria.
00260,Marco de trabajo para aprendizaje automático escalable,2025-03-31,Se presenta una revisión exhaustiva de las últimas investigaciones y avances en el campo de Aprendizaje Automático.
00261,Desafíos actuales en ingeniería de software,2023-04-24,Se propone un marco de trabajo innovador basado en Ingeniería de Software para mejorar la eficiencia y reducir costos operativos.
00262,Desafíos actuales en visión por computador,2023-05-19,"Discutimos las ventajas y desventajas de diferentes enfoques en Visión por Computador y Sistemas Operativos, proveyendo una guía comparativa."
00263,El futuro de computación gráfica: una perspectiva,2024-08-07,Este artículo explora los fundamentos de Computación Gráfica y sus aplicaciones prácticas en diversos sectores.
00264,Análisis profundo de visión por computador,2024-05-13,Se presenta una revisión exhaustiva de las últimas investigaciones y avances en el campo de Visión por Computador.
00265,Aplicaciones prácticas de sistemas operativos con computación en la nube,2023-10-28,Este artículo explora los fundamentos de Sistemas Operativos y sus aplicaciones prácticas en diversos sectores.
00266,Seguridad en sistemas de internet de las cosas,2023-12-12,Exploramos la sinergia entre Internet de las Cosas y Internet de las Cosas para crear soluciones más robustas y potentes.
00267,Evaluación de rendimiento en computación gráfica,2024-05-03,Se propone un marco de trabajo innovador basado en Computación Gráfica para mejorar la eficiencia y reducir costos operativos.
00268,Seguridad en sistemas de big data,2023-06-26,Exploramos la sinergia entre Big Data y Ingeniería de Software para crear soluciones más robustas y potentes.
00269,Optimización de procesos mediante visión por computador,2024-08-02,Se presenta una revisión exhaustiva de las últimas investigaciones y avances en el campo de Visión por Computador.
00270,Estudio comparativo sobre algoritmos y estructuras de datos y algoritmos y estructuras de datos,2024-12-27,Exploramos la sinergia entre Algoritmos y Estructuras de Datos y Algoritmos y Estructuras de Datos para crear soluciones más robustas y potentes.
00271,Seguridad en sistemas de bases de datos,2025-01-22,Se propone un marco de trabajo innovador basado en Bases de Datos para mejorar la eficiencia y reducir costos operativos.
00272,Evaluación de rendimiento en desarrollo web full-stack,2023-05-03,"Discutimos las ventajas y desventajas de diferentes enfoques en Desarrollo Web Full-Stack y Computación Gráfica, proveyendo una guía comparativa."
00273,Nuevas tendencias en sistemas operativos,2024-09-18,Se propone un marco de trabajo innovador basado en Sistemas Operativos para mejorar la eficiencia y reducir costos operativos.
00274,Optimización de procesos mediante big data,2023-08-25,"Se analizan los retos de seguridad, privacidad y éticos asociados con la adopción masiva de Big Data."
00275,Seguridad en sistemas de inteligencia artificial,2023-05-05,Resultados de un estudio de caso sobre la aplicación de Inteligencia Artificial para resolver un problema específico de la industria.
00276,Marco de trabajo para blockchain escalable,2025-02-02,"Discutimos las ventajas y desventajas de diferentes enfoques en Blockchain y Big Data, proveyendo una guía comparativa."
00277,Marco de trabajo para realidad virtual y aumentada escalable,2024-05-30,"Discutimos las ventajas y desventajas de diferentes enfoques en Realidad Virtual y Aumentada y Realidad Virtual y Aumentada, proveyendo una guía comparativa."
00278,Evaluación de rendimiento en desarrollo web full-stack,2023-08-28,"Se analizan los retos de seguridad, privacidad y éticos asociados con la adopción masiva de Desarrollo Web Full-Stack."
00279,Optimización de procesos mediante computación gráfica,2024-09-07,Exploramos la sinergia entre Computación Gráfica y Computación Gráfica para crear soluciones más robustas y potentes.
00280,Estudio comparativo sobre bases de datos y algoritmos y estructuras de datos,2024-07-15,"Se analizan los retos de seguridad, privacidad y éticos asociados con la adopción masiva de Bases de Datos."
00281,Estudio comparativo sobre visión por computador y algoritmos y estructuras de datos,2024-06-12,Este estudio investiga el impacto de Visión por Computador en el desarrollo tecnológico actual y sus implicaciones futuras.
00282,Introducción a desarrollo web full-stack para principiantes,2023-09-30,Ofrecemos una guía práctica y detallada para la implementacin exitosa de soluciones de Desarrollo Web Full-Stack en entornos reales.
00283,El futuro de ciberseguridad: una perspectiva,2024-02-14,Ofrecemos una guía práctica y detallada para la implementacin exitosa de soluciones de Ciberseguridad en entornos reales.
00284,Estudio comparativo sobre blockchain y blockchain,2025-03-24,"El presente trabajo detalla una nueva metodología para abordar problemas complejos en Blockchain, validada experimentalmente."
00285,Desafíos actuales en procesamiento de lenguaje natural,2024-12-30,Exploramos la sinergia entre Procesamiento de Lenguaje Natural y Computación Gráfica para crear soluciones más robustas y potentes.
00286,Seguridad en sistemas de aprendizaje automático,2023-04-17,Resultados de un estudio de caso sobre la aplicación de Aprendizaje Automático para resolver un problema específico de la industria.
00287,Estudio comparativo sobre computación gráfica y procesamiento de lenguaje natural,2023-11-26,"El presente trabajo detalla una nueva metodología para abordar problemas complejos en Computación Gráfica, validada experimentalmente."
00288,Optimización de procesos mediante aprendizaje automático,2024-04-11,"Discutimos las ventajas y desventajas de diferentes enfoques en Aprendizaje Automático y Computación Gráfica, proveyendo una guía comparativa."
00289,Optimización de procesos mediante aprendizaje automático,2024-08-07,Se presenta una revisión exhaustiva de las últimas investigaciones y avances en el campo de Aprendizaje Automático.
00290,Evaluación de rendimiento en procesamiento de lenguaje natural,2024-01-02,Se propone un marco de trabajo innovador basado en Procesamiento de Lenguaje Natural para mejorar la eficiencia y reducir costos operativos.
00291,Evaluación de rendimiento en computación gráfica,2025-02-04,Este artículo explora los fundamentos de Computación Gráfica y sus aplicaciones prácticas en diversos sectores.
00292,Estudio comparativo sobre internet de las cosas y bases de datos,2023-11-30,"Discutimos las ventajas y desventajas de diferentes enfoques en Internet de las Cosas y Bases de Datos, proveyendo una guía comparativa."
00293,Implementación de inteligencia artificial en la industria,2024-04-11,Se propone un marco de trabajo innovador basado en Inteligencia Artificial para mejorar la eficiencia y reducir costos operativos.
00294,Implementación de visión por computador en la industria,2024-11-07,Resultados de un estudio de caso sobre la aplicación de Visión por Computador para resolver un problema específico de la industria.
00295,Nuevas tendencias en redes de computadores,2025-02-23,Se presenta una revisión exhaustiva de las últimas investigaciones y avances en el campo de Redes de Computadores.
00296,Introducción a redes de computadores para principiantes,2023-12-18,Ofrecemos una guía práctica y detallada para la implementacin exitosa de soluciones de Redes de Computadores en entornos reales.
00297,Estudio comparativo sobre algoritmos y estructuras de datos y sistemas operativos,2024-08-24,"Se analizan los retos de seguridad, privacidad y éticos asociados con la adopción masiva de Algoritmos y Estructuras de Datos."
00298,Evaluación de rendimiento en ciberseguridad,2025-02-05,Exploramos la sinergia entre Ciberseguridad y Aprendizaje Automático para crear soluciones más robustas y potentes.
00299,Evaluación de rendimiento en bases de datos,2024-07-23,Se presenta una revisión exhaustiva de las últimas investigaciones y avances en el campo de Bases de Datos.
00300,Estudio comparativo sobre aprendizaje automático y procesamiento de lenguaje natural,2023-09-08,Se propone un marco de trabajo innovador basado en Aprendizaje Automático para mejorar la eficiencia y reducir costos operativos.
00301,Seguridad en sistemas de teoría de la computación,2024-04-06,"Se analizan los retos de seguridad, privacidad y éticos asociados con la adopción masiva de Teoría de la Computación."
00302,El futuro de sistemas operativos: una perspectiva,2023-10-19,"Discutimos las ventajas y desventajas de diferentes enfoques en Sistemas Operativos y Blockchain, proveyendo una guía comparativa."
00303,Estudio comparativo sobre algoritmos y estructuras de datos y ciberseguridad,2023-05-30,Resultados de un estudio de caso sobre la aplicación de Algoritmos y Estructuras de Datos para resolver un problema específico de la industria.
00304,El futuro de algoritmos y estructuras de datos: una perspectiva,2025-03-07,Exploramos la sinergia entre Algoritmos y Estructuras de Datos y Aprendizaje Automático para crear soluciones más robustas y potentes.
00305,Marco de trabajo para teoría de la computación escalable,2024-09-07,"Discutimos las ventajas y desventajas de diferentes enfoques en Teoría de la Computación y Visión por Computador, proveyendo una guía comparativa."
00306,Desafíos actuales en procesamiento de lenguaje natural,2023-09-15,"Discutimos las ventajas y desventajas de diferentes enfoques en Procesamiento de Lenguaje Natural y Ingeniería de Software, proveyendo una guía comparativa."
00307,Marco de trabajo para redes de computadores escalable,2024-03-21,Este artículo explora los fundamentos de Redes de Computadores y sus aplicaciones prácticas en diversos sectores.
00308,Seguridad en sistemas de realidad virtual y aumentada,2024-08-24,Ofrecemos una guía práctica y detallada para la implementacin exitosa de soluciones de Realidad Virtual y Aumentada en entornos reales.
00309,Nuevas tendencias en realidad virtual y aumentada,2024-01-05,"Discutimos las ventajas y desventajas de diferentes enfoques en Realidad Virtual y Aumentada y Realidad Virtual y Aumentada, proveyendo una guía comparativa."
00310,Aplicaciones prácticas de teoría de la computación con teoría de la computación,2023-06-17,"Discutimos las ventajas y desventajas de diferentes enfoques en Teoría de la Computación y Teoría de la Computación, proveyendo una guía comparativa."
00311,Introducción a teoría de la computación para principiantes,2023-06-14,Se propone un marco de trabajo innovador basado en Teoría de la Computación para mejorar la eficiencia y reducir costos operativos.
00312,El futuro de blockchain: una perspectiva,2023-12-08,Se propone un marco de trabajo innovador basado en Blockchain para mejorar la eficiencia y reducir costos operativos.
00313,Implementación de ciberseguridad en la industria,2024-05-27,Ofrecemos una guía práctica y detallada para la implementacin exitosa de soluciones de Ciberseguridad en entornos reales.
00314,Seguridad en sistemas de procesamiento de lenguaje natural,2023-05-13,Resultados de un estudio de caso sobre la aplicación de Procesamiento de Lenguaje Natural para resolver un problema específico de la industria.
00315,Optimización de procesos mediante computación en la nube,2024-11-05,Se presenta una revisión exhaustiva de las últimas investigaciones y avances en el campo de Computación en la Nube.
00316,Desafíos actuales en desarrollo web full-stack,2023-08-09,Se presenta una revisión exhaustiva de las últimas investigaciones y avances en el campo de Desarrollo Web Full-Stack.
00317,Nuevas tendencias en ingeniería de software,2024-08-25,"Discutimos las ventajas y desventajas de diferentes enfoques en Ingeniería de Software y Blockchain, proveyendo una guía comparativa."
00318,Nuevas tendencias en redes de computadores,2024-01-03,"Se analizan los retos de seguridad, privacidad y éticos asociados con la adopción masiva de Redes de Computadores."
00319,Estudio comparativo sobre teoría de la computación y desarrollo web full-stack,2023-11-24,Ofrecemos una guía práctica y detallada para la implementacin exitosa de soluciones de Teoría de la Computación en entornos reales.
00320,Estudio comparativo sobre algoritmos y estructuras de datos y internet de las cosas,2024-11-29,Se presenta una revisión exhaustiva de las últimas investigaciones y avances en el campo de Algoritmos y Estructuras de Datos.
00321,Optimización de procesos mediante ingeniería de software,2025-02-13,Resultados de un estudio de caso sobre la aplicación de Ingeniería de Software para resolver un problema específico de la industria.
00322,Nuevas tendencias en computación gráfica,2023-04-29,Se propone un marco de trabajo innovador basado en Computación Gráfica para mejorar la eficiencia y reducir costos operativos.
00323,Implementación de realidad virtual y aumentada en la industria,2025-03-26,"Discutimos las ventajas y desventajas de diferentes enfoques en Realidad Virtual y Aumentada y Blockchain, proveyendo una guía comparativa."
00324,Introducción a bases de datos para principiantes,2024-02-29,"El presente trabajo detalla una nueva metodología para abordar problemas complejos en Bases de Datos, validada experimentalmente."
00325,Seguridad en sistemas de ciberseguridad,2024-09-27,Resultados de un estudio de caso sobre la aplicación de Ciberseguridad para resolver un problema específico de la industria.
00326,Implementación de procesamiento de lenguaje natural en la industria,2023-08-30,Se propone un marco de trabajo innovador basado en Procesamiento de Lenguaje Natural para mejorar la eficiencia y reducir costos operativos.
00327,El futuro de ciberseguridad: una perspectiva,2023-07-26,Este artículo explora los fundamentos de Ciberseguridad y sus aplicaciones prácticas en diversos sectores.
00328,El futuro de big data: una perspectiva,2023-11-14,"El presente trabajo detalla una nueva metodología para abordar problemas complejos en Big Data, validada experimentalmente."
00329,Análisis profundo de ingeniería de software,2023-09-05,Este artículo explora los fundamentos de Ingeniería de Software y sus aplicaciones prácticas en diversos sectores.
00330,Nuevas tendencias en inteligencia artificial,2024-06-01,Ofrecemos una guía práctica y detallada para la implementacin exitosa de soluciones de Inteligencia Artificial en entornos reales.
00331,Introducción a algoritmos y estructuras de datos para principiantes,2024-09-02,Este estudio investiga el impacto de Algoritmos y Estructuras de Datos en el desarrollo tecnológico actual y sus implicaciones futuras.
00332,El futuro de procesamiento de lenguaje natural: una perspectiva,2025-01-06,Exploramos la sinergia entre Procesamiento de Lenguaje Natural y Blockchain para crear soluciones más robustas y potentes.
00333,Nuevas tendencias en procesamiento de lenguaje natural,2025-01-17,"Discutimos las ventajas y desventajas de diferentes enfoques en Procesamiento de Lenguaje Natural y Desarrollo Web Full-Stack, proveyendo una guía comparativa."
00334,Análisis profundo de visión por computador,2023-05-17,Resultados de un estudio de caso sobre la aplicación de Visión por Computador para resolver un problema específico de la industria.
00335,Análisis profundo de blockchain,2024-07-20,Exploramos la sinergia entre Blockchain y Blockchain para crear soluciones más robustas y potentes.
00336,Evaluación de rendimiento en aprendizaje automático,2023-09-01,"Discutimos las ventajas y desventajas de diferentes enfoques en Aprendizaje Automático y Teoría de la Computación, proveyendo una guía comparativa."
00337,Marco de trabajo para internet de las cosas escalable,2024-07-07,"El presente trabajo detalla una nueva metodología para abordar problemas complejos en Internet de las Cosas, validada experimentalmente."
00338,Evaluación de rendimiento en visión por computador,2023-06-20,"Se analizan los retos de seguridad, privacidad y éticos asociados con la adopción masiva de Visión por Computador."
00339,Desafíos actuales en visión por computador,2024-05-18,"Se analizan los retos de seguridad, privacidad y éticos asociados con la adopción masiva de Visión por Computador."
00340,Marco de trabajo para blockchain escalable,2023-08-22,Este estudio investiga el impacto de Blockchain en el desarrollo tecnológico actual y sus implicaciones futuras.
00341,Estudio comparativo sobre computación gráfica y computación gráfica,2023-08-01,Se propone un marco de trabajo innovador basado en Computación Gráfica para mejorar la eficiencia y reducir costos operativos.
00342,Nuevas tendencias en aprendizaje automático,2024-07-08,Se propone un marco de trabajo innovador basado en Aprendizaje Automático para mejorar la eficiencia y reducir costos operativos.
00343,Análisis profundo de algoritmos y estructuras de datos,2023-08-09,Ofrecemos una guía práctica y detallada para la implementacin exitosa de soluciones de Algoritmos y Estructuras de Datos en entornos reales.
00344,Evaluación de rendimiento en algoritmos y estructuras de datos,2024-07-22,"Discutimos las ventajas y desventajas de diferentes enfoques en Algoritmos y Estructuras de Datos y Big Data, proveyendo una guía comparativa."
00345,Optimización de procesos mediante procesamiento de lenguaje natural,2023-06-11,Este artículo explora los fundamentos de Procesamiento de Lenguaje Natural y sus aplicaciones prácticas en diversos sectores.
00346,Implementación de internet de las cosas en la industria,2024-09-16,"El presente trabajo detalla una nueva metodología para abordar problemas complejos en Internet de las Cosas, validada experimentalmente."
00347,El futuro de aprendizaje automático: una perspectiva,2024-01-08,Se propone un marco de trabajo innovador basado en Aprendizaje Automático para mejorar la eficiencia y reducir costos operativos.
00348,Aplicaciones prácticas de teoría de la computación con teoría de la computación,2023-08-17,"El presente trabajo detalla una nueva metodología para abordar problemas complejos en Teoría de la Computación, validada experimentalmente."
00349,Optimización de procesos mediante redes de computadores,2024-04-01,Exploramos la sinergia entre Redes de Computadores y Teoría de la Computación para crear soluciones más robustas y potentes.
00350,Estudio comparativo sobre realidad virtual y aumentada y blockchain,2023-05-14,"El presente trabajo detalla una nueva metodología para abordar problemas complejos en Realidad Virtual y Aumentada, validada experimentalmente."
00351,Implementación de redes de computadores en la industria,2025-04-03,Resultados de un estudio de caso sobre la aplicación de Redes de Computadores para resolver un problema específico de la industria.
00352,Análisis profundo de visión por computador,2024-06-06,Ofrecemos una guía práctica y detallada para la implementacin exitosa de soluciones de Visión por Computador en entornos reales.
00353,Nuevas tendencias en computación gráfica,2024-03-03,Exploramos la sinergia entre Computación Gráfica y Redes de Computadores para crear soluciones más robustas y potentes.
00354,Aplicaciones prácticas de ingeniería de software con procesamiento de lenguaje natural,2024-09-17,Este artículo explora los fundamentos de Ingeniería de Software y sus aplicaciones prácticas en diversos sectores.
00355,Aplicaciones prácticas de internet de las cosas con sistemas operativos,2023-05-22,Este artículo explora los fundamentos de Internet de las Cosas y sus aplicaciones prácticas en diversos sectores.
00356,Marco de trabajo para algoritmos y estructuras de datos escalable,2024-02-01,"Se analizan los retos de seguridad, privacidad y éticos asociados con la adopción masiva de Algoritmos y Estructuras de Datos."
00357,Marco de trabajo para inteligencia artificial escalable,2023-06-21,Exploramos la sinergia entre Inteligencia Artificial y Big Data para crear soluciones más robustas y potentes.
00358,Aplicaciones prácticas de computación en la nube con ciberseguridad,2024-09-23,Resultados de un estudio de caso sobre la aplicación de Computación en la Nube para resolver un problema específico de la industria.
00359,Introducción a ingeniería de software para principiantes,2025-01-13,"Discutimos las ventajas y desventajas de diferentes enfoques en Ingeniería de Software y Visión por Computador, proveyendo una guía comparativa."
00360,Implementación de bases de datos en la industria,2024-01-30,Exploramos la sinergia entre Bases de Datos y Computación en la Nube para crear soluciones más robustas y potentes.
00361,El futuro de internet de las cosas: una perspectiva,2023-04-18,Se propone un marco de trabajo innovador basado en Internet de las Cosas para mejorar la eficiencia y reducir costos operativos.
00362,Nuevas tendencias en ciberseguridad,2024-07-19,"Discutimos las ventajas y desventajas de diferentes enfoques en Ciberseguridad y Ciberseguridad, proveyendo una guía comparativa."
00363,Marco de trabajo para desarrollo web full-stack escalable,2025-03-30,"Se analizan los retos de seguridad, privacidad y éticos asociados con la adopción masiva de Desarrollo Web Full-Stack."
00364,Estudio comparativo sobre procesamiento de lenguaje natural y ciberseguridad,2024-04-21,Este artículo explora los fundamentos de Procesamiento de Lenguaje Natural y sus aplicaciones prácticas en diversos sectores.
00365,El futuro de ingeniería de software: una perspectiva,2024-09-25,Resultados de un estudio de caso sobre la aplicación de Ingeniería de Software para resolver un problema específico de la industria.
00366,Aplicaciones prácticas de bases de datos con bases de datos,2024-02-21,Este artículo explora los fundamentos de Bases de Datos y sus aplicaciones prácticas en diversos sectores.
00367,Optimización de procesos mediante desarrollo web full-stack,2024-05-17,Ofrecemos una guía práctica y detallada para la implementacin exitosa de soluciones de Desarrollo Web Full-Stack en entornos reales.
00368,Seguridad en sistemas de internet de las cosas,2024-11-11,Resultados de un estudio de caso sobre la aplicación de Internet de las Cosas para resolver un problema específico de la industria.
00369,El futuro de computación en la nube: una perspectiva,2024-11-14,Exploramos la sinergia entre Computación en la Nube y Visión por Computador para crear soluciones más robustas y potentes.
00370,Seguridad en sistemas de internet de las cosas,2025-03-14,Se presenta una revisión exhaustiva de las últimas investigaciones y avances en el campo de Internet de las Cosas.
00371,Estudio comparativo sobre aprendizaje automático y computación en la nube,2024-08-18,Este artículo explora los fundamentos de Aprendizaje Automático y sus aplicaciones prácticas en diversos sectores.
00372,Optimización de procesos mediante visión por computador,2023-12-01,Exploramos la sinergia entre Visión por Computador y Visión por Computador para crear soluciones más robustas y potentes.
00373,Nuevas tendencias en computación en la nube,2023-08-27,Exploramos la sinergia entre Computación en la Nube y Computación Gráfica para crear soluciones más robustas y potentes.
00374,Aplicaciones prácticas de computación gráfica con redes de computadores,2023-06-05,Exploramos la sinergia entre Computación Gráfica y Redes de Computadores para crear soluciones más robustas y potentes.
00375,Marco de trabajo para blockchain escalable,2024-07-27,Se presenta una revisión exhaustiva de las últimas investigaciones y avances en el campo de Blockchain.
00376,Optimización de procesos mediante teoría de la computación,2023-11-22,Ofrecemos una guía práctica y detallada para la implementacin exitosa de soluciones de Teoría de la Computación en entornos reales.
00377,Estudio comparativo sobre computación gráfica y internet de las cosas,2024-12-24,"Discutimos las ventajas y desventajas de diferentes enfoques en Computación Gráfica y Internet de las Cosas, proveyendo una guía comparativa."
00378,Marco de trabajo para visión por computador escalable,2024-10-29,Resultados de un estudio de caso sobre la aplicación de Visión por Computador para resolver un problema específico de la industria.
00379,Evaluación de rendimiento en big data,2024-10-19,Exploramos la sinergia entre Big Data y Realidad Virtual y Aumentada para crear soluciones más robustas y potentes.
00380,Optimización de procesos mediante realidad virtual y aumentada,2023-12-20,"El presente trabajo detalla una nueva metodología para abordar problemas complejos en Realidad Virtual y Aumentada, validada experimentalmente."
00381,Aplicaciones prácticas de ciberseguridad con internet de las cosas,2023-10-15,Ofrecemos una guía práctica y detallada para la implementacin exitosa de soluciones de Ciberseguridad en entornos reales.
00382,Aplicaciones prácticas de bases de datos con sistemas operativos,2024-01-13,Exploramos la sinergia entre Bases de Datos y Sistemas Operativos para crear soluciones más robustas y potentes.
00383,Aplicaciones prácticas de big data con computación gráfica,2023-11-27,Exploramos la sinergia entre Big Data y Computación Gráfica para crear soluciones más robustas y potentes.
00384,Introducción a algoritmos y estructuras de datos para principiantes,2023-05-24,"El presente trabajo detalla una nueva metodología para abordar problemas complejos en Algoritmos y Estructuras de Datos, validada experimentalmente."
00385,Seguridad en sistemas de visión por computador,2025-02-19,Exploramos la sinergia entre Visión por Computador y Ingeniería de Software para crear soluciones más robustas y potentes.
00386,Implementación de inteligencia artificial en la industria,2023-08-16,Este artículo explora los fundamentos de Inteligencia Artificial y sus aplicaciones prácticas en diversos sectores.
00387,Implementación de internet de las cosas en la industria,2023-09-04,"Se analizan los retos de seguridad, privacidad y éticos asociados con la adopción masiva de Internet de las Cosas."
00388,Desafíos actuales en computación en la nube,2023-05-07,Se propone un marco de trabajo innovador basado en Computación en la Nube para mejorar la eficiencia y reducir costos operativos.
00389,Seguridad en sistemas de blockchain,2024-10-13,"El presente trabajo detalla una nueva metodología para abordar problemas complejos en Blockchain, validada experimentalmente."
00390,Nuevas tendencias en computación en la nube,2023-10-17,Resultados de un estudio de caso sobre la aplicación de Computación en la Nube para resolver un problema específico de la industria.
00391,Implementación de computación en la nube en la industria,2024-11-27,Se presenta una revisión exhaustiva de las últimas investigaciones y avances en el campo de Computación en la Nube.
00392,Aplicaciones prácticas de redes de computadores con redes de computadores,2024-10-22,Exploramos la sinergia entre Redes de Computadores y Redes de Computadores para crear soluciones más robustas y potentes.
00393,Optimización de procesos mediante big data,2024-10-15,"El presente trabajo detalla una nueva metodología para abordar problemas complejos en Big Data, validada experimentalmente."
00394,Seguridad en sistemas de computación en la nube,2024-08-05,Este estudio investiga el impacto de Computación en la Nube en el desarrollo tecnológico actual y sus implicaciones futuras.
00395,Evaluación de rendimiento en internet de las cosas,2024-06-17,"El presente trabajo detalla una nueva metodología para abordar problemas complejos en Internet de las Cosas, validada experimentalmente."
00396,Análisis profundo de blockchain,2023-05-13,Este artículo explora los fundamentos de Blockchain y sus aplicaciones prácticas en diversos sectores.
00397,Evaluación de rendimiento en redes de computadores,2024-09-27,Resultados de un estudio de caso sobre la aplicación de Redes de Computadores para resolver un problema específico de la industria.
00398,Estudio comparativo sobre bases de datos y aprendizaje automático,2023-07-27,Resultados de un estudio de caso sobre la aplicación de Bases de Datos para resolver un problema específico de la industria.
00399,Nuevas tendencias en redes de computadores,2024-12-30,Este estudio investiga el impacto de Redes de Computadores en el desarrollo tecnológico actual y sus implicaciones futuras.
00400,Nuevas tendencias en desarrollo web full-stack,2024-05-31,"El presente trabajo detalla una nueva metodología para abordar problemas complejos en Desarrollo Web Full-Stack, validada experimentalmente."
00401,Marco de trabajo para inteligencia artificial escalable,2025-02-19,"Discutimos las ventajas y desventajas de diferentes enfoques en Inteligencia Artificial y Ingeniería de Software, proveyendo una guía comparativa."
00402,Implementación de internet de las cosas en la industria,2023-12-19,Se propone un marco de trabajo innovador basado en Internet de las Cosas para mejorar la eficiencia y reducir costos operativos.
00403,Nuevas tendencias en sistemas operativos,2024-05-23,Se presenta una revisión exhaustiva de las últimas investigaciones y avances en el campo de Sistemas Operativos.
00404,Seguridad en sistemas de computación gráfica,2023-10-30,Se presenta una revisión exhaustiva de las últimas investigaciones y avances en el campo de Computación Gráfica.
00405,Introducción a procesamiento de lenguaje natural para principiantes,2023-06-05,"Discutimos las ventajas y desventajas de diferentes enfoques en Procesamiento de Lenguaje Natural y Procesamiento de Lenguaje Natural, proveyendo una guía comparativa."
00406,Seguridad en sistemas de computación en la nube,2024-09-29,Exploramos la sinergia entre Computación en la Nube y Blockchain para crear soluciones más robustas y potentes.
00407,Análisis profundo de big data,2025-01-11,Se propone un marco de trabajo innovador basado en Big Data para mejorar la eficiencia y reducir costos operativos.
00408,Marco de trabajo para desarrollo web full-stack escalable,2024-04-21,"El presente trabajo detalla una nueva metodología para abordar problemas complejos en Desarrollo Web Full-Stack, validada experimentalmente."
00409,Nuevas tendencias en computación gráfica,2024-09-25,"El presente trabajo detalla una nueva metodología para abordar problemas complejos en Computación Gráfica, validada experimentalmente."
00410,Seguridad en sistemas de redes de computadores,2023-12-03,Ofrecemos una guía práctica y detallada para la implementacin exitosa de soluciones de Redes de Computadores en entornos reales.
00411,Evaluación de rendimiento en visión por computador,2023-11-04,Este estudio investiga el impacto de Visión por Computador en el desarrollo tecnológico actual y sus implicaciones futuras.
00412,Análisis profundo de big data,2023-12-17,"Se analizan los retos de seguridad, privacidad y éticos asociados con la adopción masiva de Big Data."
00413,Implementación de ingeniería de software en la industria,2024-12-26,Este artículo explora los fundamentos de Ingeniería de Software y sus aplicaciones prácticas en diversos sectores.
00414,Evaluación de rendimiento en computación en la nube,2023-04-30,Este artículo explora los fundamentos de Computación en la Nube y sus aplicaciones prácticas en diversos sectores.
00415,Desafíos actuales en bases de datos,2023-07-23,Se presenta una revisión exhaustiva de las últimas investigaciones y avances en el campo de Bases de Datos.
00416,El futuro de realidad virtual y aumentada: una perspectiva,2023-09-15,Este artículo explora los fundamentos de Realidad Virtual y Aumentada y sus aplicaciones prácticas en diversos sectores.
00417,Optimización de procesos mediante algoritmos y estructuras de datos,2024-03-12,"Discutimos las ventajas y desventajas de diferentes enfoques en Algoritmos y Estructuras de Datos y Desarrollo Web Full-Stack, proveyendo una guía comparativa."
00418,Estudio comparativo sobre sistemas operativos y internet de las cosas,2024-05-06,"El presente trabajo detalla una nueva metodología para abordar problemas complejos en Sistemas Operativos, validada experimentalmente."
