rut_revisor,nombre_revisor,correo_revisor
330802154,Mateo Bravo,carol87@example.org
799079461,Leonardo Herrera-Villarroel,luis27@example.org
68454635K,Evelyn Josefina Aburto Venegas,abarcacarlos@example.org
858826837,Erika Romero,valentinabravo@example.com
184644053,José Ian Vera Arce,fernandomunoz@example.org
647373089,Javiera Mariela Pérez Cerda,elcirameza@example.org
603754557,Alejandra Blanca Cancino Rubio,davidvilches@example.org
941453805,Aurelio Barrera,candiacarlos@example.net
573282787,Raúl Benjamín Sepúlveda Muñoz,earancibia@example.com
70925664,Eduardo Jaime Cerda Godoy,miguelperez@example.org
189745397,Ana Duarte Alvarado,mariacisternas@example.com
82665080K,Yessica Maureira-Fuentealba,cramos@example.org
837319331,Daniel Leonardo Ávila Soto,yenny78@example.com
510349067,Ignacio Barrientos Jiménez,carlosriquelme@example.org
999937802,Vicente Contreras,reyesvioleta@example.com
770456665,José Alejandro Rubio Brito,contrerasjoseph@example.net
880692771,María Carolina Salazar Astorga,florencia23@example.com
226407944,Natalia Henríquez,anamorales@example.org
197312424,Carlos Aliaga Mancilla,vasquezmyriam@example.org
885222757,Guillermo Patricio Barraza Villalobos,cescobar@example.com
657618160,Vanessa Torres,osorioolga@example.com
966022035,Rosa Bernardita Acevedo Benítez,raulquinteros@example.org
961804655,María Salazar Castillo,haydee34@example.net
58415936,Carolina Navarro,mirandapaola@example.org
47186862,Lilian Vilma Pavez Apablaza,maria41@example.net
95702880,Nidia Álvarez,espinozagaston@example.org
277014513,Diego Acevedo Riquelme,carolinaruz@example.net
460781736,Marta Rebolledo Villalobos,dgomez@example.net
99496215,Irma Castro,ibugueno@example.net
967748005,Gabriela Judith Rojas Avendaño,luis63@example.org
852696818,Pascale Nora Yáñez Vásquez,umorales@example.net
266328168,Lucas Bugueño Collao,cesar30@example.net
168002645,Carola Rita Hormazábal González,francis69@example.net
54870264K,Dominga Torres Silva,erodriguez@example.net
257493849,Cristian Espinoza Garrido,wleiva@example.net
980833089,Nicole Andrea Lagos Guajardo,daniela57@example.com
983534848,Sonia Andrea Urzúa Águila,carvajalrenato@example.com
55148198,Marianela Lucila Neira Barrientos,mespinoza@example.com
820640187,José Diego Pincheira Cárdenas,pachecomarcos@example.net
716072614,Franco Espinoza Morales,valenzuelarigoberto@example.net
177977179,María Segovia-López,norma71@example.com
543768421,Gabriel Carmona Velásquez,hernandezalexander@example.com
283388468,Jesús Pérez Campos,gumercindovidal@example.org
229126083,Rodrigo Flores,jgonzalez@example.com
812154672,Cristian Pedro Fernández Cancino,imolina@example.org
41721660K,Ema Henríquez Altamirano,joseabarca@example.com
621267868,Jeannette María Pizarro Araya,alonso07@example.net
373128538,María Velásquez,torresviviana@example.org
96422630K,Corina María Jara Espinosa,ingrid53@example.com
935158257,Rosa Javiera Álvarez Morales,jose01@example.net
